{
    "type":  "FeatureCollection",
    "name":  "city_outlines_guangzhou_shenzhen_huizhou",
    "crs":  {
                "type":  "name",
                "properties":  {
                                   "name":  "urn:ogc:def:crs:OGC:1.3:CRS84"
                               }
            },
    "features":  [
                     {
                         "type":  "Feature",
                         "properties":  {
                                            "adcode":  440100,
                                            "name":  "广州市",
                                            "center":  [
                                                           113.280637,
                                                           23.125178
                                                       ],
                                            "centroid":  [
                                                             113.544372,
                                                             23.329249
                                                         ],
                                            "childrenNum":  11,
                                            "level":  "city",
                                            "parent":  {
                                                           "adcode":  440000
                                                       },
                                            "subFeatureIndex":  0,
                                            "acroutes":  [
                                                             100000,
                                                             440000
                                                         ]
                                        },
                         "geometry":  {
                                          "type":  "MultiPolygon",
                                          "coordinates":  [
                                                              [
                                                                  [
                                                                      [
                                                                          113.365116,
                                                                          22.772595
                                                                      ],
                                                                      [
                                                                          113.412172,
                                                                          22.742849
                                                                      ],
                                                                      [
                                                                          113.42612,
                                                                          22.738014
                                                                      ],
                                                                      [
                                                                          113.447808,
                                                                          22.735836
                                                                      ],
                                                                      [
                                                                          113.467964,
                                                                          22.728504
                                                                      ],
                                                                      [
                                                                          113.464822,
                                                                          22.72096
                                                                      ],
                                                                      [
                                                                          113.491875,
                                                                          22.699811
                                                                      ],
                                                                      [
                                                                          113.523373,
                                                                          22.679297
                                                                      ],
                                                                      [
                                                                          113.540693,
                                                                          22.666222
                                                                      ],
                                                                      [
                                                                          113.533106,
                                                                          22.656388
                                                                      ],
                                                                      [
                                                                          113.536861,
                                                                          22.647511
                                                                      ],
                                                                      [
                                                                          113.561615,
                                                                          22.607528
                                                                      ],
                                                                      [
                                                                          113.578552,
                                                                          22.604603
                                                                      ],
                                                                      [
                                                                          113.589971,
                                                                          22.59519
                                                                      ],
                                                                      [
                                                                          113.599628,
                                                                          22.594393
                                                                      ],
                                                                      [
                                                                          113.62078,
                                                                          22.579554
                                                                      ],
                                                                      [
                                                                          113.639326,
                                                                          22.548276
                                                                      ],
                                                                      [
                                                                          113.651588,
                                                                          22.515715
                                                                      ],
                                                                      [
                                                                          113.692052,
                                                                          22.515129
                                                                      ],
                                                                      [
                                                                          113.728149,
                                                                          22.521993
                                                                      ],
                                                                      [
                                                                          113.740487,
                                                                          22.534284
                                                                      ],
                                                                      [
                                                                          113.716883,
                                                                          22.645172
                                                                      ],
                                                                      [
                                                                          113.685308,
                                                                          22.717719
                                                                      ],
                                                                      [
                                                                          113.678181,
                                                                          22.726113
                                                                      ],
                                                                      [
                                                                          113.648139,
                                                                          22.761759
                                                                      ],
                                                                      [
                                                                          113.612119,
                                                                          22.802281
                                                                      ],
                                                                      [
                                                                          113.58407,
                                                                          22.831325
                                                                      ],
                                                                      [
                                                                          113.571195,
                                                                          22.853143
                                                                      ],
                                                                      [
                                                                          113.575104,
                                                                          22.888331
                                                                      ],
                                                                      [
                                                                          113.564298,
                                                                          22.906903
                                                                      ],
                                                                      [
                                                                          113.550503,
                                                                          22.936189
                                                                      ],
                                                                      [
                                                                          113.541766,
                                                                          22.959369
                                                                      ],
                                                                      [
                                                                          113.529198,
                                                                          22.982599
                                                                      ],
                                                                      [
                                                                          113.52299,
                                                                          23.011338
                                                                      ],
                                                                      [
                                                                          113.522913,
                                                                          23.037262
                                                                      ],
                                                                      [
                                                                          113.531957,
                                                                          23.050938
                                                                      ],
                                                                      [
                                                                          113.543759,
                                                                          23.06228
                                                                      ],
                                                                      [
                                                                          113.54897,
                                                                          23.076006
                                                                      ],
                                                                      [
                                                                          113.556327,
                                                                          23.081252
                                                                      ],
                                                                      [
                                                                          113.586446,
                                                                          23.08777
                                                                      ],
                                                                      [
                                                                          113.60139,
                                                                          23.0954
                                                                      ],
                                                                      [
                                                                          113.610433,
                                                                          23.103772
                                                                      ],
                                                                      [
                                                                          113.640245,
                                                                          23.103878
                                                                      ],
                                                                      [
                                                                          113.642698,
                                                                          23.113467
                                                                      ],
                                                                      [
                                                                          113.651281,
                                                                          23.119295
                                                                      ],
                                                                      [
                                                                          113.661244,
                                                                          23.117971
                                                                      ],
                                                                      [
                                                                          113.662011,
                                                                          23.111454
                                                                      ],
                                                                      [
                                                                          113.670671,
                                                                          23.116434
                                                                      ],
                                                                      [
                                                                          113.687837,
                                                                          23.119772
                                                                      ],
                                                                      [
                                                                          113.71696,
                                                                          23.138895
                                                                      ],
                                                                      [
                                                                          113.738572,
                                                                          23.141331
                                                                      ],
                                                                      [
                                                                          113.754052,
                                                                          23.129572
                                                                      ],
                                                                      [
                                                                          113.777427,
                                                                          23.131108
                                                                      ],
                                                                      [
                                                                          113.791298,
                                                                          23.127665
                                                                      ],
                                                                      [
                                                                          113.814673,
                                                                          23.127771
                                                                      ],
                                                                      [
                                                                          113.841113,
                                                                          23.116169
                                                                      ],
                                                                      [
                                                                          113.844715,
                                                                          23.125599
                                                                      ],
                                                                      [
                                                                          113.849849,
                                                                          23.148853
                                                                      ],
                                                                      [
                                                                          113.858739,
                                                                          23.157221
                                                                      ],
                                                                      [
                                                                          113.874757,
                                                                          23.165377
                                                                      ],
                                                                      [
                                                                          113.895679,
                                                                          23.164529
                                                                      ],
                                                                      [
                                                                          113.902116,
                                                                          23.177186
                                                                      ],
                                                                      [
                                                                          113.889011,
                                                                          23.178616
                                                                      ],
                                                                      [
                                                                          113.8838,
                                                                          23.191694
                                                                      ],
                                                                      [
                                                                          113.893993,
                                                                          23.21266
                                                                      ],
                                                                      [
                                                                          113.903802,
                                                                          23.212554
                                                                      ],
                                                                      [
                                                                          113.890084,
                                                                          23.242144
                                                                      ],
                                                                      [
                                                                          113.895142,
                                                                          23.253523
                                                                      ],
                                                                      [
                                                                          113.877209,
                                                                          23.264213
                                                                      ],
                                                                      [
                                                                          113.890314,
                                                                          23.282681
                                                                      ],
                                                                      [
                                                                          113.888475,
                                                                          23.290512
                                                                      ],
                                                                      [
                                                                          113.894989,
                                                                          23.314689
                                                                      ],
                                                                      [
                                                                          113.889394,
                                                                          23.334154
                                                                      ],
                                                                      [
                                                                          113.895985,
                                                                          23.34505
                                                                      ],
                                                                      [
                                                                          113.927483,
                                                                          23.339972
                                                                      ],
                                                                      [
                                                                          113.939285,
                                                                          23.342934
                                                                      ],
                                                                      [
                                                                          113.958905,
                                                                          23.33262
                                                                      ],
                                                                      [
                                                                          113.958445,
                                                                          23.314953
                                                                      ],
                                                                      [
                                                                          113.977451,
                                                                          23.304849
                                                                      ],
                                                                      [
                                                                          113.978217,
                                                                          23.30104
                                                                      ],
                                                                      [
                                                                          113.996687,
                                                                          23.297443
                                                                      ],
                                                                      [
                                                                          113.996151,
                                                                          23.309346
                                                                      ],
                                                                      [
                                                                          113.984195,
                                                                          23.330505
                                                                      ],
                                                                      [
                                                                          113.993928,
                                                                          23.333149
                                                                      ],
                                                                      [
                                                                          114.000902,
                                                                          23.346636
                                                                      ],
                                                                      [
                                                                          113.990556,
                                                                          23.354833
                                                                      ],
                                                                      [
                                                                          113.982049,
                                                                          23.379369
                                                                      ],
                                                                      [
                                                                          113.995997,
                                                                          23.386771
                                                                      ],
                                                                      [
                                                                          114.000442,
                                                                          23.39338
                                                                      ],
                                                                      [
                                                                          113.986801,
                                                                          23.405591
                                                                      ],
                                                                      [
                                                                          113.984195,
                                                                          23.421238
                                                                      ],
                                                                      [
                                                                          113.98795,
                                                                          23.431439
                                                                      ],
                                                                      [
                                                                          113.975382,
                                                                          23.429378
                                                                      ],
                                                                      [
                                                                          113.960054,
                                                                          23.43276
                                                                      ],
                                                                      [
                                                                          113.952774,
                                                                          23.442907
                                                                      ],
                                                                      [
                                                                          113.955456,
                                                                          23.466053
                                                                      ],
                                                                      [
                                                                          113.974462,
                                                                          23.46489
                                                                      ],
                                                                      [
                                                                          113.981743,
                                                                          23.472129
                                                                      ],
                                                                      [
                                                                          113.974156,
                                                                          23.478839
                                                                      ],
                                                                      [
                                                                          113.96105,
                                                                          23.480371
                                                                      ],
                                                                      [
                                                                          113.938749,
                                                                          23.476726
                                                                      ],
                                                                      [
                                                                          113.931162,
                                                                          23.483066
                                                                      ],
                                                                      [
                                                                          113.940895,
                                                                          23.483594
                                                                      ],
                                                                      [
                                                                          113.946643,
                                                                          23.492522
                                                                      ],
                                                                      [
                                                                          113.929936,
                                                                          23.494213
                                                                      ],
                                                                      [
                                                                          113.923115,
                                                                          23.503088
                                                                      ],
                                                                      [
                                                                          113.911543,
                                                                          23.504144
                                                                      ],
                                                                      [
                                                                          113.906408,
                                                                          23.511856
                                                                      ],
                                                                      [
                                                                          113.89315,
                                                                          23.520254
                                                                      ],
                                                                      [
                                                                          113.888168,
                                                                          23.535095
                                                                      ],
                                                                      [
                                                                          113.871384,
                                                                          23.541327
                                                                      ],
                                                                      [
                                                                          113.862495,
                                                                          23.566303
                                                                      ],
                                                                      [
                                                                          113.852838,
                                                                          23.570579
                                                                      ],
                                                                      [
                                                                          113.864027,
                                                                          23.587368
                                                                      ],
                                                                      [
                                                                          113.858356,
                                                                          23.593491
                                                                      ],
                                                                      [
                                                                          113.859582,
                                                                          23.60996
                                                                      ],
                                                                      [
                                                                          113.843565,
                                                                          23.617877
                                                                      ],
                                                                      [
                                                                          113.834215,
                                                                          23.61756
                                                                      ],
                                                                      [
                                                                          113.832223,
                                                                          23.624263
                                                                      ],
                                                                      [
                                                                          113.817432,
                                                                          23.623471
                                                                      ],
                                                                      [
                                                                          113.816742,
                                                                          23.63582
                                                                      ],
                                                                      [
                                                                          113.825555,
                                                                          23.639883
                                                                      ],
                                                                      [
                                                                          113.827778,
                                                                          23.648009
                                                                      ],
                                                                      [
                                                                          113.818811,
                                                                          23.656188
                                                                      ],
                                                                      [
                                                                          113.839963,
                                                                          23.655449
                                                                      ],
                                                                      [
                                                                          113.847857,
                                                                          23.679348
                                                                      ],
                                                                      [
                                                                          113.881884,
                                                                          23.685151
                                                                      ],
                                                                      [
                                                                          113.897595,
                                                                          23.700184
                                                                      ],
                                                                      [
                                                                          113.900967,
                                                                          23.715426
                                                                      ],
                                                                      [
                                                                          113.912386,
                                                                          23.716534
                                                                      ],
                                                                      [
                                                                          113.920049,
                                                                          23.729454
                                                                      ],
                                                                      [
                                                                          113.93645,
                                                                          23.732143
                                                                      ],
                                                                      [
                                                                          113.940282,
                                                                          23.738155
                                                                      ],
                                                                      [
                                                                          113.955916,
                                                                          23.732671
                                                                      ],
                                                                      [
                                                                          113.96105,
                                                                          23.738207
                                                                      ],
                                                                      [
                                                                          113.972853,
                                                                          23.739262
                                                                      ],
                                                                      [
                                                                          113.976071,
                                                                          23.757716
                                                                      ],
                                                                      [
                                                                          113.998756,
                                                                          23.762988
                                                                      ],
                                                                      [
                                                                          114.013087,
                                                                          23.777959
                                                                      ],
                                                                      [
                                                                          114.017686,
                                                                          23.778276
                                                                      ],
                                                                      [
                                                                          114.009945,
                                                                          23.762988
                                                                      ],
                                                                      [
                                                                          114.018222,
                                                                          23.76283
                                                                      ],
                                                                      [
                                                                          114.02489,
                                                                          23.752549
                                                                      ],
                                                                      [
                                                                          114.027419,
                                                                          23.760141
                                                                      ],
                                                                      [
                                                                          114.038454,
                                                                          23.771212
                                                                      ],
                                                                      [
                                                                          114.05999,
                                                                          23.775851
                                                                      ],
                                                                      [
                                                                          114.056311,
                                                                          23.784021
                                                                      ],
                                                                      [
                                                                          114.037228,
                                                                          23.793509
                                                                      ],
                                                                      [
                                                                          114.047728,
                                                                          23.803312
                                                                      ],
                                                                      [
                                                                          114.035312,
                                                                          23.813378
                                                                      ],
                                                                      [
                                                                          114.040294,
                                                                          23.824444
                                                                      ],
                                                                      [
                                                                          114.052249,
                                                                          23.830029
                                                                      ],
                                                                      [
                                                                          114.057767,
                                                                          23.846784
                                                                      ],
                                                                      [
                                                                          114.050487,
                                                                          23.85474
                                                                      ],
                                                                      [
                                                                          114.047728,
                                                                          23.867488
                                                                      ],
                                                                      [
                                                                          114.041827,
                                                                          23.871491
                                                                      ],
                                                                      [
                                                                          114.04267,
                                                                          23.889874
                                                                      ],
                                                                      [
                                                                          114.036232,
                                                                          23.901776
                                                                      ],
                                                                      [
                                                                          114.031327,
                                                                          23.906305
                                                                      ],
                                                                      [
                                                                          114.033856,
                                                                          23.91889
                                                                      ],
                                                                      [
                                                                          114.017992,
                                                                          23.925261
                                                                      ],
                                                                      [
                                                                          114.008413,
                                                                          23.933001
                                                                      ],
                                                                      [
                                                                          113.984502,
                                                                          23.926157
                                                                      ],
                                                                      [
                                                                          113.982126,
                                                                          23.929684
                                                                      ],
                                                                      [
                                                                          113.952697,
                                                                          23.929632
                                                                      ],
                                                                      [
                                                                          113.941201,
                                                                          23.923577
                                                                      ],
                                                                      [
                                                                          113.93645,
                                                                          23.928737
                                                                      ],
                                                                      [
                                                                          113.907787,
                                                                          23.924577
                                                                      ],
                                                                      [
                                                                          113.892536,
                                                                          23.931685
                                                                      ],
                                                                      [
                                                                          113.887478,
                                                                          23.923998
                                                                      ],
                                                                      [
                                                                          113.879815,
                                                                          23.930369
                                                                      ],
                                                                      [
                                                                          113.865177,
                                                                          23.928947
                                                                      ],
                                                                      [
                                                                          113.851152,
                                                                          23.920312
                                                                      ],
                                                                      [
                                                                          113.841496,
                                                                          23.918732
                                                                      ],
                                                                      [
                                                                          113.807315,
                                                                          23.900407
                                                                      ],
                                                                      [
                                                                          113.800265,
                                                                          23.902566
                                                                      ],
                                                                      [
                                                                          113.791605,
                                                                          23.903882
                                                                      ],
                                                                      [
                                                                          113.781105,
                                                                          23.896299
                                                                      ],
                                                                      [
                                                                          113.775358,
                                                                          23.877918
                                                                      ],
                                                                      [
                                                                          113.767081,
                                                                          23.871439
                                                                      ],
                                                                      [
                                                                          113.758191,
                                                                          23.857479
                                                                      ],
                                                                      [
                                                                          113.749071,
                                                                          23.854371
                                                                      ],
                                                                      [
                                                                          113.742327,
                                                                          23.859165
                                                                      ],
                                                                      [
                                                                          113.733667,
                                                                          23.855003
                                                                      ],
                                                                      [
                                                                          113.713511,
                                                                          23.862484
                                                                      ],
                                                                      [
                                                                          113.709756,
                                                                          23.856267
                                                                      ],
                                                                      [
                                                                          113.718033,
                                                                          23.843887
                                                                      ],
                                                                      [
                                                                          113.714814,
                                                                          23.834982
                                                                      ],
                                                                      [
                                                                          113.720178,
                                                                          23.825129
                                                                      ],
                                                                      [
                                                                          113.706384,
                                                                          23.815275
                                                                      ],
                                                                      [
                                                                          113.687378,
                                                                          23.825709
                                                                      ],
                                                                      [
                                                                          113.684312,
                                                                          23.812956
                                                                      ],
                                                                      [
                                                                          113.666379,
                                                                          23.813694
                                                                      ],
                                                                      [
                                                                          113.651664,
                                                                          23.820123
                                                                      ],
                                                                      [
                                                                          113.640245,
                                                                          23.814274
                                                                      ],
                                                                      [
                                                                          113.633731,
                                                                          23.797198
                                                                      ],
                                                                      [
                                                                          113.615185,
                                                                          23.779804
                                                                      ],
                                                                      [
                                                                          113.626144,
                                                                          23.767416
                                                                      ],
                                                                      [
                                                                          113.636414,
                                                                          23.750229
                                                                      ],
                                                                      [
                                                                          113.630742,
                                                                          23.738946
                                                                      ],
                                                                      [
                                                                          113.63649,
                                                                          23.731985
                                                                      ],
                                                                      [
                                                                          113.631662,
                                                                          23.727872
                                                                      ],
                                                                      [
                                                                          113.628137,
                                                                          23.711682
                                                                      ],
                                                                      [
                                                                          113.638176,
                                                                          23.704562
                                                                      ],
                                                                      [
                                                                          113.622619,
                                                                          23.699446
                                                                      ],
                                                                      [
                                                                          113.623845,
                                                                          23.694699
                                                                      ],
                                                                      [
                                                                          113.61166,
                                                                          23.686206
                                                                      ],
                                                                      [
                                                                          113.615721,
                                                                          23.680192
                                                                      ],
                                                                      [
                                                                          113.597252,
                                                                          23.664946
                                                                      ],
                                                                      [
                                                                          113.587212,
                                                                          23.669008
                                                                      ],
                                                                      [
                                                                          113.587289,
                                                                          23.675234
                                                                      ],
                                                                      [
                                                                          113.568053,
                                                                          23.679454
                                                                      ],
                                                                      [
                                                                          113.568053,
                                                                          23.690215
                                                                      ],
                                                                      [
                                                                          113.55878,
                                                                          23.700712
                                                                      ],
                                                                      [
                                                                          113.546901,
                                                                          23.702558
                                                                      ],
                                                                      [
                                                                          113.545445,
                                                                          23.696387
                                                                      ],
                                                                      [
                                                                          113.527052,
                                                                          23.686153
                                                                      ],
                                                                      [
                                                                          113.510268,
                                                                          23.682461
                                                                      ],
                                                                      [
                                                                          113.481069,
                                                                          23.684043
                                                                      ],
                                                                      [
                                                                          113.468731,
                                                                          23.691006
                                                                      ],
                                                                      [
                                                                          113.464286,
                                                                          23.70799
                                                                      ],
                                                                      [
                                                                          113.443823,
                                                                          23.715901
                                                                      ],
                                                                      [
                                                                          113.438459,
                                                                          23.727134
                                                                      ],
                                                                      [
                                                                          113.404278,
                                                                          23.723495
                                                                      ],
                                                                      [
                                                                          113.397841,
                                                                          23.730562
                                                                      ],
                                                                      [
                                                                          113.378375,
                                                                          23.731511
                                                                      ],
                                                                      [
                                                                          113.372397,
                                                                          23.709731
                                                                      ],
                                                                      [
                                                                          113.366343,
                                                                          23.710311
                                                                      ],
                                                                      [
                                                                          113.347413,
                                                                          23.667215
                                                                      ],
                                                                      [
                                                                          113.338447,
                                                                          23.665737
                                                                      ],
                                                                      [
                                                                          113.334845,
                                                                          23.656399
                                                                      ],
                                                                      [
                                                                          113.327947,
                                                                          23.655502
                                                                      ],
                                                                      [
                                                                          113.32833,
                                                                          23.645371
                                                                      ],
                                                                      [
                                                                          113.31101,
                                                                          23.643313
                                                                      ],
                                                                      [
                                                                          113.289245,
                                                                          23.644368
                                                                      ],
                                                                      [
                                                                          113.299438,
                                                                          23.637456
                                                                      ],
                                                                      [
                                                                          113.290548,
                                                                          23.617085
                                                                      ],
                                                                      [
                                                                          113.280049,
                                                                          23.608957
                                                                      ],
                                                                      [
                                                                          113.2766,
                                                                          23.615977
                                                                      ],
                                                                      [
                                                                          113.248474,
                                                                          23.601567
                                                                      ],
                                                                      [
                                                                          113.24035,
                                                                          23.606212
                                                                      ],
                                                                      [
                                                                          113.245868,
                                                                          23.588265
                                                                      ],
                                                                      [
                                                                          113.227859,
                                                                          23.594441
                                                                      ],
                                                                      [
                                                                          113.227015,
                                                                          23.585731
                                                                      ],
                                                                      [
                                                                          113.214524,
                                                                          23.584253
                                                                      ],
                                                                      [
                                                                          113.202262,
                                                                          23.576492
                                                                      ],
                                                                      [
                                                                          113.200805,
                                                                          23.561815
                                                                      ],
                                                                      [
                                                                          113.210155,
                                                                          23.552997
                                                                      ],
                                                                      [
                                                                          113.211918,
                                                                          23.543914
                                                                      ],
                                                                      [
                                                                          113.191149,
                                                                          23.523212
                                                                      ],
                                                                      [
                                                                          113.192069,
                                                                          23.514761
                                                                      ],
                                                                      [
                                                                          113.172066,
                                                                          23.512384
                                                                      ],
                                                                      [
                                                                          113.15352,
                                                                          23.502823
                                                                      ],
                                                                      [
                                                                          113.128689,
                                                                          23.512596
                                                                      ],
                                                                      [
                                                                          113.108994,
                                                                          23.497964
                                                                      ],
                                                                      [
                                                                          113.083933,
                                                                          23.494266
                                                                      ],
                                                                      [
                                                                          113.075503,
                                                                          23.484228
                                                                      ],
                                                                      [
                                                                          113.063854,
                                                                          23.482537
                                                                      ],
                                                                      [
                                                                          113.055884,
                                                                          23.471971
                                                                      ],
                                                                      [
                                                                          113.042932,
                                                                          23.474137
                                                                      ],
                                                                      [
                                                                          113.018025,
                                                                          23.469065
                                                                      ],
                                                                      [
                                                                          113.00469,
                                                                          23.462037
                                                                      ],
                                                                      [
                                                                          112.993347,
                                                                          23.466845
                                                                      ],
                                                                      [
                                                                          112.975184,
                                                                          23.463622
                                                                      ],
                                                                      [
                                                                          112.972962,
                                                                          23.450042
                                                                      ],
                                                                      [
                                                                          112.961926,
                                                                          23.44444
                                                                      ],
                                                                      [
                                                                          112.96024,
                                                                          23.425995
                                                                      ],
                                                                      [
                                                                          112.974188,
                                                                          23.434081
                                                                      ],
                                                                      [
                                                                          112.978633,
                                                                          23.441586
                                                                      ],
                                                                      [
                                                                          112.989132,
                                                                          23.443277
                                                                      ],
                                                                      [
                                                                          112.982771,
                                                                          23.434451
                                                                      ],
                                                                      [
                                                                          112.988673,
                                                                          23.419811
                                                                      ],
                                                                      [
                                                                          113.001088,
                                                                          23.406332
                                                                      ],
                                                                      [
                                                                          112.990588,
                                                                          23.402631
                                                                      ],
                                                                      [
                                                                          112.988366,
                                                                          23.390102
                                                                      ],
                                                                      [
                                                                          112.980626,
                                                                          23.380268
                                                                      ],
                                                                      [
                                                                          112.989822,
                                                                          23.354728
                                                                      ],
                                                                      [
                                                                          113.012583,
                                                                          23.352612
                                                                      ],
                                                                      [
                                                                          113.018331,
                                                                          23.341347
                                                                      ],
                                                                      [
                                                                          113.034808,
                                                                          23.357372
                                                                      ],
                                                                      [
                                                                          113.043392,
                                                                          23.351131
                                                                      ],
                                                                      [
                                                                          113.027604,
                                                                          23.33352
                                                                      ],
                                                                      [
                                                                          113.023466,
                                                                          23.324898
                                                                      ],
                                                                      [
                                                                          113.037567,
                                                                          23.320084
                                                                      ],
                                                                      [
                                                                          113.032509,
                                                                          23.300881
                                                                      ],
                                                                      [
                                                                          113.042549,
                                                                          23.283422
                                                                      ],
                                                                      [
                                                                          113.051439,
                                                                          23.278395
                                                                      ],
                                                                      [
                                                                          113.052742,
                                                                          23.26342
                                                                      ],
                                                                      [
                                                                          113.044925,
                                                                          23.2522
                                                                      ],
                                                                      [
                                                                          113.053508,
                                                                          23.253418
                                                                      ],
                                                                      [
                                                                          113.070215,
                                                                          23.248813
                                                                      ],
                                                                      [
                                                                          113.079795,
                                                                          23.250083
                                                                      ],
                                                                      [
                                                                          113.081941,
                                                                          23.261726
                                                                      ],
                                                                      [
                                                                          113.072284,
                                                                          23.284268
                                                                      ],
                                                                      [
                                                                          113.086156,
                                                                          23.285274
                                                                      ],
                                                                      [
                                                                          113.090524,
                                                                          23.28993
                                                                      ],
                                                                      [
                                                                          113.105545,
                                                                          23.289718
                                                                      ],
                                                                      [
                                                                          113.11022,
                                                                          23.295961
                                                                      ],
                                                                      [
                                                                          113.105775,
                                                                          23.302733
                                                                      ],
                                                                      [
                                                                          113.124704,
                                                                          23.307653
                                                                      ],
                                                                      [
                                                                          113.128,
                                                                          23.31453
                                                                      ],
                                                                      [
                                                                          113.150838,
                                                                          23.297972
                                                                      ],
                                                                      [
                                                                          113.150608,
                                                                          23.289983
                                                                      ],
                                                                      [
                                                                          113.160877,
                                                                          23.286649
                                                                      ],
                                                                      [
                                                                          113.177738,
                                                                          23.271304
                                                                      ],
                                                                      [
                                                                          113.182029,
                                                                          23.251459
                                                                      ],
                                                                      [
                                                                          113.176511,
                                                                          23.236587
                                                                      ],
                                                                      [
                                                                          113.177508,
                                                                          23.220866
                                                                      ],
                                                                      [
                                                                          113.191072,
                                                                          23.214937
                                                                      ],
                                                                      [
                                                                          113.204867,
                                                                          23.201172
                                                                      ],
                                                                      [
                                                                          113.209006,
                                                                          23.192171
                                                                      ],
                                                                      [
                                                                          113.209465,
                                                                          23.17708
                                                                      ],
                                                                      [
                                                                          113.1877,
                                                                          23.159127
                                                                      ],
                                                                      [
                                                                          113.186857,
                                                                          23.14827
                                                                      ],
                                                                      [
                                                                          113.191992,
                                                                          23.14345
                                                                      ],
                                                                      [
                                                                          113.211535,
                                                                          23.142603
                                                                      ],
                                                                      [
                                                                          113.209695,
                                                                          23.121838
                                                                      ],
                                                                      [
                                                                          113.203718,
                                                                          23.121891
                                                                      ],
                                                                      [
                                                                          113.208163,
                                                                          23.099692
                                                                      ],
                                                                      [
                                                                          113.215826,
                                                                          23.100646
                                                                      ],
                                                                      [
                                                                          113.208776,
                                                                          23.083531
                                                                      ],
                                                                      [
                                                                          113.193678,
                                                                          23.083902
                                                                      ],
                                                                      [
                                                                          113.177201,
                                                                          23.076695
                                                                      ],
                                                                      [
                                                                          113.184865,
                                                                          23.05963
                                                                      ],
                                                                      [
                                                                          113.195747,
                                                                          23.056185
                                                                      ],
                                                                      [
                                                                          113.211688,
                                                                          23.043305
                                                                      ],
                                                                      [
                                                                          113.225713,
                                                                          23.041874
                                                                      ],
                                                                      [
                                                                          113.254912,
                                                                          23.044842
                                                                      ],
                                                                      [
                                                                          113.25836,
                                                                          23.013989
                                                                      ],
                                                                      [
                                                                          113.250007,
                                                                          23.009058
                                                                      ],
                                                                      [
                                                                          113.251923,
                                                                          22.970348
                                                                      ],
                                                                      [
                                                                          113.267557,
                                                                          22.958786
                                                                      ],
                                                                      [
                                                                          113.285183,
                                                                          22.951095
                                                                      ],
                                                                      [
                                                                          113.298212,
                                                                          22.934014
                                                                      ],
                                                                      [
                                                                          113.282424,
                                                                          22.927383
                                                                      ],
                                                                      [
                                                                          113.28595,
                                                                          22.901438
                                                                      ],
                                                                      [
                                                                          113.27706,
                                                                          22.894699
                                                                      ],
                                                                      [
                                                                          113.300434,
                                                                          22.87708
                                                                      ],
                                                                      [
                                                                          113.301354,
                                                                          22.866094
                                                                      ],
                                                                      [
                                                                          113.296296,
                                                                          22.862485
                                                                      ],
                                                                      [
                                                                          113.309631,
                                                                          22.851179
                                                                      ],
                                                                      [
                                                                          113.312083,
                                                                          22.830369
                                                                      ],
                                                                      [
                                                                          113.335994,
                                                                          22.817945
                                                                      ],
                                                                      [
                                                                          113.364273,
                                                                          22.823467
                                                                      ],
                                                                      [
                                                                          113.37439,
                                                                          22.822618
                                                                      ],
                                                                      [
                                                                          113.393396,
                                                                          22.809822
                                                                      ],
                                                                      [
                                                                          113.38305,
                                                                          22.799308
                                                                      ],
                                                                      [
                                                                          113.356533,
                                                                          22.792989
                                                                      ],
                                                                      [
                                                                          113.365116,
                                                                          22.772595
                                                                      ]
                                                                  ]
                                                              ]
                                                          ]
                                      }
                     },
                     {
                         "type":  "Feature",
                         "properties":  {
                                            "adcode":  440300,
                                            "name":  "深圳市",
                                            "center":  [
                                                           114.085947,
                                                           22.547
                                                       ],
                                            "centroid":  [
                                                             114.143142,
                                                             22.643377
                                                         ],
                                            "childrenNum":  9,
                                            "level":  "city",
                                            "parent":  {
                                                           "adcode":  440000
                                                       },
                                            "subFeatureIndex":  2,
                                            "acroutes":  [
                                                             100000,
                                                             440000
                                                         ]
                                        },
                         "geometry":  {
                                          "type":  "MultiPolygon",
                                          "coordinates":  [
                                                              [
                                                                  [
                                                                      [
                                                                          114.229205,
                                                                          22.81253
                                                                      ],
                                                                      [
                                                                          114.215641,
                                                                          22.807751
                                                                      ],
                                                                      [
                                                                          114.20721,
                                                                          22.789802
                                                                      ],
                                                                      [
                                                                          114.189967,
                                                                          22.785713
                                                                      ],
                                                                      [
                                                                          114.180847,
                                                                          22.775728
                                                                      ],
                                                                      [
                                                                          114.187974,
                                                                          22.770364
                                                                      ],
                                                                      [
                                                                          114.182073,
                                                                          22.765265
                                                                      ],
                                                                      [
                                                                          114.201079,
                                                                          22.764787
                                                                      ],
                                                                      [
                                                                          114.203149,
                                                                          22.75512
                                                                      ],
                                                                      [
                                                                          114.215641,
                                                                          22.73557
                                                                      ],
                                                                      [
                                                                          114.208513,
                                                                          22.729248
                                                                      ],
                                                                      [
                                                                          114.208053,
                                                                          22.71469
                                                                      ],
                                                                      [
                                                                          114.196711,
                                                                          22.710227
                                                                      ],
                                                                      [
                                                                          114.19947,
                                                                          22.702043
                                                                      ],
                                                                      [
                                                                          114.195332,
                                                                          22.680095
                                                                      ],
                                                                      [
                                                                          114.187515,
                                                                          22.673557
                                                                      ],
                                                                      [
                                                                          114.187515,
                                                                          22.666382
                                                                      ],
                                                                      [
                                                                          114.172494,
                                                                          22.654368
                                                                      ],
                                                                      [
                                                                          114.15548,
                                                                          22.668933
                                                                      ],
                                                                      [
                                                                          114.16391,
                                                                          22.665372
                                                                      ],
                                                                      [
                                                                          114.167436,
                                                                          22.680679
                                                                      ],
                                                                      [
                                                                          114.151801,
                                                                          22.690139
                                                                      ],
                                                                      [
                                                                          114.145057,
                                                                          22.701193
                                                                      ],
                                                                      [
                                                                          114.144674,
                                                                          22.714159
                                                                      ],
                                                                      [
                                                                          114.121989,
                                                                          22.716231
                                                                      ],
                                                                      [
                                                                          114.117621,
                                                                          22.723244
                                                                      ],
                                                                      [
                                                                          114.107198,
                                                                          22.722979
                                                                      ],
                                                                      [
                                                                          114.098462,
                                                                          22.747205
                                                                      ],
                                                                      [
                                                                          114.08436,
                                                                          22.750551
                                                                      ],
                                                                      [
                                                                          114.074781,
                                                                          22.740883
                                                                      ],
                                                                      [
                                                                          114.064588,
                                                                          22.755916
                                                                      ],
                                                                      [
                                                                          114.049414,
                                                                          22.756448
                                                                      ],
                                                                      [
                                                                          114.049797,
                                                                          22.771161
                                                                      ],
                                                                      [
                                                                          114.039911,
                                                                          22.764309
                                                                      ],
                                                                      [
                                                                          114.035236,
                                                                          22.766752
                                                                      ],
                                                                      [
                                                                          114.017916,
                                                                          22.760219
                                                                      ],
                                                                      [
                                                                          114.002971,
                                                                          22.763459
                                                                      ],
                                                                      [
                                                                          113.995308,
                                                                          22.771267
                                                                      ],
                                                                      [
                                                                          113.990863,
                                                                          22.800211
                                                                      ],
                                                                      [
                                                                          113.984578,
                                                                          22.803662
                                                                      ],
                                                                      [
                                                                          113.974999,
                                                                          22.798458
                                                                      ],
                                                                      [
                                                                          113.978371,
                                                                          22.806529
                                                                      ],
                                                                      [
                                                                          113.972393,
                                                                          22.812476
                                                                      ],
                                                                      [
                                                                          113.954996,
                                                                          22.815078
                                                                      ],
                                                                      [
                                                                          113.954613,
                                                                          22.821025
                                                                      ],
                                                                      [
                                                                          113.937829,
                                                                          22.832705
                                                                      ],
                                                                      [
                                                                          113.910929,
                                                                          22.829997
                                                                      ],
                                                                      [
                                                                          113.904875,
                                                                          22.840137
                                                                      ],
                                                                      [
                                                                          113.893916,
                                                                          22.846189
                                                                      ],
                                                                      [
                                                                          113.89951,
                                                                          22.855478
                                                                      ],
                                                                      [
                                                                          113.887325,
                                                                          22.858504
                                                                      ],
                                                                      [
                                                                          113.883263,
                                                                          22.850542
                                                                      ],
                                                                      [
                                                                          113.877669,
                                                                          22.85447
                                                                      ],
                                                                      [
                                                                          113.872611,
                                                                          22.837271
                                                                      ],
                                                                      [
                                                                          113.857053,
                                                                          22.832599
                                                                      ],
                                                                      [
                                                                          113.851305,
                                                                          22.837483
                                                                      ],
                                                                      [
                                                                          113.841496,
                                                                          22.833979
                                                                      ],
                                                                      [
                                                                          113.834675,
                                                                          22.822193
                                                                      ],
                                                                      [
                                                                          113.838737,
                                                                          22.819591
                                                                      ],
                                                                      [
                                                                          113.837204,
                                                                          22.800901
                                                                      ],
                                                                      [
                                                                          113.824942,
                                                                          22.792935
                                                                      ],
                                                                      [
                                                                          113.813446,
                                                                          22.790439
                                                                      ],
                                                                      [
                                                                          113.811071,
                                                                          22.782473
                                                                      ],
                                                                      [
                                                                          113.802257,
                                                                          22.784863
                                                                      ],
                                                                      [
                                                                          113.801874,
                                                                          22.777109
                                                                      ],
                                                                      [
                                                                          113.791835,
                                                                          22.767655
                                                                      ],
                                                                      [
                                                                          113.790838,
                                                                          22.75342
                                                                      ],
                                                                      [
                                                                          113.762406,
                                                                          22.736899
                                                                      ],
                                                                      [
                                                                          113.751447,
                                                                          22.715381
                                                                      ],
                                                                      [
                                                                          113.757808,
                                                                          22.678766
                                                                      ],
                                                                      [
                                                                          113.765471,
                                                                          22.665744
                                                                      ],
                                                                      [
                                                                          113.773288,
                                                                          22.643205
                                                                      ],
                                                                      [
                                                                          113.782255,
                                                                          22.625713
                                                                      ],
                                                                      [
                                                                          113.803407,
                                                                          22.593169
                                                                      ],
                                                                      [
                                                                          113.832223,
                                                                          22.570246
                                                                      ],
                                                                      [
                                                                          113.838354,
                                                                          22.559342
                                                                      ],
                                                                      [
                                                                          113.834675,
                                                                          22.539552
                                                                      ],
                                                                      [
                                                                          113.851152,
                                                                          22.542584
                                                                      ],
                                                                      [
                                                                          113.856593,
                                                                          22.539605
                                                                      ],
                                                                      [
                                                                          113.864027,
                                                                          22.515981
                                                                      ],
                                                                      [
                                                                          113.859352,
                                                                          22.495652
                                                                      ],
                                                                      [
                                                                          113.862801,
                                                                          22.475853
                                                                      ],
                                                                      [
                                                                          113.870005,
                                                                          22.459565
                                                                      ],
                                                                      [
                                                                          113.881731,
                                                                          22.446788
                                                                      ],
                                                                      [
                                                                          113.89177,
                                                                          22.442635
                                                                      ],
                                                                      [
                                                                          113.915758,
                                                                          22.455945
                                                                      ],
                                                                      [
                                                                          113.946873,
                                                                          22.477343
                                                                      ],
                                                                      [
                                                                          113.959135,
                                                                          22.504912
                                                                      ],
                                                                      [
                                                                          113.976531,
                                                                          22.510606
                                                                      ],
                                                                      [
                                                                          114.024047,
                                                                          22.509808
                                                                      ],
                                                                      [
                                                                          114.030867,
                                                                          22.504274
                                                                      ],
                                                                      [
                                                                          114.054702,
                                                                          22.49959
                                                                      ],
                                                                      [
                                                                          114.064588,
                                                                          22.510553
                                                                      ],
                                                                      [
                                                                          114.077003,
                                                                          22.515502
                                                                      ],
                                                                      [
                                                                          114.081601,
                                                                          22.512415
                                                                      ],
                                                                      [
                                                                          114.090338,
                                                                          22.520982
                                                                      ],
                                                                      [
                                                                          114.084284,
                                                                          22.52508
                                                                      ],
                                                                      [
                                                                          114.094093,
                                                                          22.533593
                                                                      ],
                                                                      [
                                                                          114.114862,
                                                                          22.532795
                                                                      ],
                                                                      [
                                                                          114.117238,
                                                                          22.526942
                                                                      ],
                                                                      [
                                                                          114.135094,
                                                                          22.53886
                                                                      ],
                                                                      [
                                                                          114.153488,
                                                                          22.539285
                                                                      ],
                                                                      [
                                                                          114.157166,
                                                                          22.551947
                                                                      ],
                                                                      [
                                                                          114.165596,
                                                                          22.558916
                                                                      ],
                                                                      [
                                                                          114.182303,
                                                                          22.556788
                                                                      ],
                                                                      [
                                                                          114.182686,
                                                                          22.552798
                                                                      ],
                                                                      [
                                                                          114.201463,
                                                                          22.554341
                                                                      ],
                                                                      [
                                                                          114.223304,
                                                                          22.552745
                                                                      ],
                                                                      [
                                                                          114.232578,
                                                                          22.54003
                                                                      ],
                                                                      [
                                                                          114.258864,
                                                                          22.55881
                                                                      ],
                                                                      [
                                                                          114.292432,
                                                                          22.562959
                                                                      ],
                                                                      [
                                                                          114.304847,
                                                                          22.568704
                                                                      ],
                                                                      [
                                                                          114.311821,
                                                                          22.578597
                                                                      ],
                                                                      [
                                                                          114.325309,
                                                                          22.588649
                                                                      ],
                                                                      [
                                                                          114.346997,
                                                                          22.588702
                                                                      ],
                                                                      [
                                                                          114.359489,
                                                                          22.591574
                                                                      ],
                                                                      [
                                                                          114.381868,
                                                                          22.601519
                                                                      ],
                                                                      [
                                                                          114.398345,
                                                                          22.602848
                                                                      ],
                                                                      [
                                                                          114.422562,
                                                                          22.592744
                                                                      ],
                                                                      [
                                                                          114.430686,
                                                                          22.583384
                                                                      ],
                                                                      [
                                                                          114.434748,
                                                                          22.566576
                                                                      ],
                                                                      [
                                                                          114.467625,
                                                                          22.53338
                                                                      ],
                                                                      [
                                                                          114.471917,
                                                                          22.522206
                                                                      ],
                                                                      [
                                                                          114.468162,
                                                                          22.491395
                                                                      ],
                                                                      [
                                                                          114.474446,
                                                                          22.464515
                                                                      ],
                                                                      [
                                                                          114.48027,
                                                                          22.45291
                                                                      ],
                                                                      [
                                                                          114.48985,
                                                                          22.443647
                                                                      ],
                                                                      [
                                                                          114.50694,
                                                                          22.438589
                                                                      ],
                                                                      [
                                                                          114.52541,
                                                                          22.440559
                                                                      ],
                                                                      [
                                                                          114.539281,
                                                                          22.449237
                                                                      ],
                                                                      [
                                                                          114.549244,
                                                                          22.46574
                                                                      ],
                                                                      [
                                                                          114.585417,
                                                                          22.473405
                                                                      ],
                                                                      [
                                                                          114.611397,
                                                                          22.482027
                                                                      ],
                                                                      [
                                                                          114.627798,
                                                                          22.502996
                                                                      ],
                                                                      [
                                                                          114.627031,
                                                                          22.519918
                                                                      ],
                                                                      [
                                                                          114.614539,
                                                                          22.545191
                                                                      ],
                                                                      [
                                                                          114.589632,
                                                                          22.549766
                                                                      ],
                                                                      [
                                                                          114.568097,
                                                                          22.560778
                                                                      ],
                                                                      [
                                                                          114.559743,
                                                                          22.573172
                                                                      ],
                                                                      [
                                                                          114.559054,
                                                                          22.583277
                                                                      ],
                                                                      [
                                                                          114.572312,
                                                                          22.602689
                                                                      ],
                                                                      [
                                                                          114.58672,
                                                                          22.612845
                                                                      ],
                                                                      [
                                                                          114.60312,
                                                                          22.638739
                                                                      ],
                                                                      [
                                                                          114.60289,
                                                                          22.655272
                                                                      ],
                                                                      [
                                                                          114.580282,
                                                                          22.661491
                                                                      ],
                                                                      [
                                                                          114.553229,
                                                                          22.656229
                                                                      ],
                                                                      [
                                                                          114.515217,
                                                                          22.655485
                                                                      ],
                                                                      [
                                                                          114.514451,
                                                                          22.660747
                                                                      ],
                                                                      [
                                                                          114.505867,
                                                                          22.668455
                                                                      ],
                                                                      [
                                                                          114.481956,
                                                                          22.668136
                                                                      ],
                                                                      [
                                                                          114.478278,
                                                                          22.661864
                                                                      ],
                                                                      [
                                                                          114.453447,
                                                                          22.669943
                                                                      ],
                                                                      [
                                                                          114.449692,
                                                                          22.665319
                                                                      ],
                                                                      [
                                                                          114.431912,
                                                                          22.660907
                                                                      ],
                                                                      [
                                                                          114.428157,
                                                                          22.676746
                                                                      ],
                                                                      [
                                                                          114.441338,
                                                                          22.682167
                                                                      ],
                                                                      [
                                                                          114.445324,
                                                                          22.68897
                                                                      ],
                                                                      [
                                                                          114.442028,
                                                                          22.697579
                                                                      ],
                                                                      [
                                                                          114.426394,
                                                                          22.699918
                                                                      ],
                                                                      [
                                                                          114.42057,
                                                                          22.713999
                                                                      ],
                                                                      [
                                                                          114.409227,
                                                                          22.713574
                                                                      ],
                                                                      [
                                                                          114.403403,
                                                                          22.723935
                                                                      ],
                                                                      [
                                                                          114.413902,
                                                                          22.736261
                                                                      ],
                                                                      [
                                                                          114.414055,
                                                                          22.752251
                                                                      ],
                                                                      [
                                                                          114.41827,
                                                                          22.766327
                                                                      ],
                                                                      [
                                                                          114.404706,
                                                                          22.781305
                                                                      ],
                                                                      [
                                                                          114.396352,
                                                                          22.777322
                                                                      ],
                                                                      [
                                                                          114.394819,
                                                                          22.759794
                                                                      ],
                                                                      [
                                                                          114.388075,
                                                                          22.757191
                                                                      ],
                                                                      [
                                                                          114.36562,
                                                                          22.766062
                                                                      ],
                                                                      [
                                                                          114.355964,
                                                                          22.764893
                                                                      ],
                                                                      [
                                                                          114.354125,
                                                                          22.778172
                                                                      ],
                                                                      [
                                                                          114.342706,
                                                                          22.783642
                                                                      ],
                                                                      [
                                                                          114.351136,
                                                                          22.789696
                                                                      ],
                                                                      [
                                                                          114.353128,
                                                                          22.806636
                                                                      ],
                                                                      [
                                                                          114.33052,
                                                                          22.809291
                                                                      ],
                                                                      [
                                                                          114.318565,
                                                                          22.806583
                                                                      ],
                                                                      [
                                                                          114.314503,
                                                                          22.800157
                                                                      ],
                                                                      [
                                                                          114.294347,
                                                                          22.803397
                                                                      ],
                                                                      [
                                                                          114.284844,
                                                                          22.808282
                                                                      ],
                                                                      [
                                                                          114.282852,
                                                                          22.802388
                                                                      ],
                                                                      [
                                                                          114.26147,
                                                                          22.781783
                                                                      ],
                                                                      [
                                                                          114.250817,
                                                                          22.781677
                                                                      ],
                                                                      [
                                                                          114.245529,
                                                                          22.790652
                                                                      ],
                                                                      [
                                                                          114.234953,
                                                                          22.792989
                                                                      ],
                                                                      [
                                                                          114.229205,
                                                                          22.81253
                                                                      ]
                                                                  ]
                                                              ],
                                                              [
                                                                  [
                                                                      [
                                                                          113.819961,
                                                                          22.396362
                                                                      ],
                                                                      [
                                                                          113.824176,
                                                                          22.40435
                                                                      ],
                                                                      [
                                                                          113.811224,
                                                                          22.420432
                                                                      ],
                                                                      [
                                                                          113.798885,
                                                                          22.422509
                                                                      ],
                                                                      [
                                                                          113.7867,
                                                                          22.413563
                                                                      ],
                                                                      [
                                                                          113.801338,
                                                                          22.407386
                                                                      ],
                                                                      [
                                                                          113.807315,
                                                                          22.40025
                                                                      ],
                                                                      [
                                                                          113.819961,
                                                                          22.396362
                                                                      ]
                                                                  ]
                                                              ],
                                                              [
                                                                  [
                                                                      [
                                                                          113.844485,
                                                                          22.510234
                                                                      ],
                                                                      [
                                                                          113.856823,
                                                                          22.503582
                                                                      ],
                                                                      [
                                                                          113.8569,
                                                                          22.509595
                                                                      ],
                                                                      [
                                                                          113.842569,
                                                                          22.515821
                                                                      ],
                                                                      [
                                                                          113.844485,
                                                                          22.510234
                                                                      ]
                                                                  ]
                                                              ],
                                                              [
                                                                  [
                                                                      [
                                                                          113.839657,
                                                                          22.498526
                                                                      ],
                                                                      [
                                                                          113.847244,
                                                                          22.491927
                                                                      ],
                                                                      [
                                                                          113.851995,
                                                                          22.49661
                                                                      ],
                                                                      [
                                                                          113.844485,
                                                                          22.503369
                                                                      ],
                                                                      [
                                                                          113.839657,
                                                                          22.498526
                                                                      ]
                                                                  ]
                                                              ]
                                                          ]
                                      }
                     },
                     {
                         "type":  "Feature",
                         "properties":  {
                                            "adcode":  441300,
                                            "name":  "惠州市",
                                            "center":  [
                                                           114.412599,
                                                           23.079404
                                                       ],
                                            "centroid":  [
                                                             114.507032,
                                                             23.234461
                                                         ],
                                            "childrenNum":  5,
                                            "level":  "city",
                                            "parent":  {
                                                           "adcode":  440000
                                                       },
                                            "subFeatureIndex":  10,
                                            "acroutes":  [
                                                             100000,
                                                             440000
                                                         ]
                                        },
                         "geometry":  {
                                          "type":  "MultiPolygon",
                                          "coordinates":  [
                                                              [
                                                                  [
                                                                      [
                                                                          114.514451,
                                                                          22.660747
                                                                      ],
                                                                      [
                                                                          114.532231,
                                                                          22.665691
                                                                      ],
                                                                      [
                                                                          114.558441,
                                                                          22.682752
                                                                      ],
                                                                      [
                                                                          114.599365,
                                                                          22.691574
                                                                      ],
                                                                      [
                                                                          114.608178,
                                                                          22.695613
                                                                      ],
                                                                      [
                                                                          114.6045,
                                                                          22.713202
                                                                      ],
                                                                      [
                                                                          114.59423,
                                                                          22.721172
                                                                      ],
                                                                      [
                                                                          114.601741,
                                                                          22.730736
                                                                      ],
                                                                      [
                                                                          114.685966,
                                                                          22.765212
                                                                      ],
                                                                      [
                                                                          114.693706,
                                                                          22.774507
                                                                      ],
                                                                      [
                                                                          114.695545,
                                                                          22.784173
                                                                      ],
                                                                      [
                                                                          114.709647,
                                                                          22.787678
                                                                      ],
                                                                      [
                                                                          114.731335,
                                                                          22.771214
                                                                      ],
                                                                      [
                                                                          114.749881,
                                                                          22.76399
                                                                      ],
                                                                      [
                                                                          114.75241,
                                                                          22.759741
                                                                      ],
                                                                      [
                                                                          114.739305,
                                                                          22.734242
                                                                      ],
                                                                      [
                                                                          114.733941,
                                                                          22.719259
                                                                      ],
                                                                      [
                                                                          114.738462,
                                                                          22.686047
                                                                      ],
                                                                      [
                                                                          114.730492,
                                                                          22.671591
                                                                      ],
                                                                      [
                                                                          114.728576,
                                                                          22.651285
                                                                      ],
                                                                      [
                                                                          114.740915,
                                                                          22.638473
                                                                      ],
                                                                      [
                                                                          114.743597,
                                                                          22.620183
                                                                      ],
                                                                      [
                                                                          114.738999,
                                                                          22.606358
                                                                      ],
                                                                      [
                                                                          114.747352,
                                                                          22.581628
                                                                      ],
                                                                      [
                                                                          114.806517,
                                                                          22.584873
                                                                      ],
                                                                      [
                                                                          114.842766,
                                                                          22.590351
                                                                      ],
                                                                      [
                                                                          114.875184,
                                                                          22.590351
                                                                      ],
                                                                      [
                                                                          114.885453,
                                                                          22.569182
                                                                      ],
                                                                      [
                                                                          114.883614,
                                                                          22.540243
                                                                      ],
                                                                      [
                                                                          114.914422,
                                                                          22.545776
                                                                      ],
                                                                      [
                                                                          114.925305,
                                                                          22.551628
                                                                      ],
                                                                      [
                                                                          114.927374,
                                                                          22.55849
                                                                      ],
                                                                      [
                                                                          114.923236,
                                                                          22.58833
                                                                      ],
                                                                      [
                                                                          114.924232,
                                                                          22.610878
                                                                      ],
                                                                      [
                                                                          114.93772,
                                                                          22.637357
                                                                      ],
                                                                      [
                                                                          114.945307,
                                                                          22.645491
                                                                      ],
                                                                      [
                                                                          114.974353,
                                                                          22.668455
                                                                      ],
                                                                      [
                                                                          114.997881,
                                                                          22.683071
                                                                      ],
                                                                      [
                                                                          115.008533,
                                                                          22.698058
                                                                      ],
                                                                      [
                                                                          115.02616,
                                                                          22.702149
                                                                      ],
                                                                      [
                                                                          115.023094,
                                                                          22.717559
                                                                      ],
                                                                      [
                                                                          115.009836,
                                                                          22.729248
                                                                      ],
                                                                      [
                                                                          115.007154,
                                                                          22.740724
                                                                      ],
                                                                      [
                                                                          114.994432,
                                                                          22.754376
                                                                      ],
                                                                      [
                                                                          114.999797,
                                                                          22.773551
                                                                      ],
                                                                      [
                                                                          114.992286,
                                                                          22.771055
                                                                      ],
                                                                      [
                                                                          114.977725,
                                                                          22.776631
                                                                      ],
                                                                      [
                                                                          114.974276,
                                                                          22.78805
                                                                      ],
                                                                      [
                                                                          114.952741,
                                                                          22.794582
                                                                      ],
                                                                      [
                                                                          114.944388,
                                                                          22.809397
                                                                      ],
                                                                      [
                                                                          114.950595,
                                                                          22.81614
                                                                      ],
                                                                      [
                                                                          114.950135,
                                                                          22.834722
                                                                      ],
                                                                      [
                                                                          114.940556,
                                                                          22.842473
                                                                      ],
                                                                      [
                                                                          114.931666,
                                                                          22.840456
                                                                      ],
                                                                      [
                                                                          114.927987,
                                                                          22.849745
                                                                      ],
                                                                      [
                                                                          114.932356,
                                                                          22.859035
                                                                      ],
                                                                      [
                                                                          114.925075,
                                                                          22.868323
                                                                      ],
                                                                      [
                                                                          114.939023,
                                                                          22.870075
                                                                      ],
                                                                      [
                                                                          114.941245,
                                                                          22.877452
                                                                      ],
                                                                      [
                                                                          114.926071,
                                                                          22.890454
                                                                      ],
                                                                      [
                                                                          114.926225,
                                                                          22.900854
                                                                      ],
                                                                      [
                                                                          114.917794,
                                                                          22.907009
                                                                      ],
                                                                      [
                                                                          114.930363,
                                                                          22.920698
                                                                      ],
                                                                      [
                                                                          114.946304,
                                                                          22.919372
                                                                      ],
                                                                      [
                                                                          114.953507,
                                                                          22.928656
                                                                      ],
                                                                      [
                                                                          114.965923,
                                                                          22.926693
                                                                      ],
                                                                      [
                                                                          114.975962,
                                                                          22.938682
                                                                      ],
                                                                      [
                                                                          114.986308,
                                                                          22.935075
                                                                      ],
                                                                      [
                                                                          114.997804,
                                                                          22.938682
                                                                      ],
                                                                      [
                                                                          114.99995,
                                                                          22.949504
                                                                      ],
                                                                      [
                                                                          115.010066,
                                                                          22.955922
                                                                      ],
                                                                      [
                                                                          115.020029,
                                                                          22.955498
                                                                      ],
                                                                      [
                                                                          115.043557,
                                                                          22.969924
                                                                      ],
                                                                      [
                                                                          115.047925,
                                                                          22.966848
                                                                      ],
                                                                      [
                                                                          115.062333,
                                                                          22.994106
                                                                      ],
                                                                      [
                                                                          115.075974,
                                                                          22.995219
                                                                      ],
                                                                      [
                                                                          115.074901,
                                                                          22.999727
                                                                      ],
                                                                      [
                                                                          115.085937,
                                                                          23.007733
                                                                      ],
                                                                      [
                                                                          115.099349,
                                                                          22.996227
                                                                      ],
                                                                      [
                                                                          115.110998,
                                                                          23.009589
                                                                      ],
                                                                      [
                                                                          115.129467,
                                                                          23.003279
                                                                      ],
                                                                      [
                                                                          115.146864,
                                                                          22.991136
                                                                      ],
                                                                      [
                                                                          115.14878,
                                                                          23.000363
                                                                      ],
                                                                      [
                                                                          115.163341,
                                                                          23.012558
                                                                      ],
                                                                      [
                                                                          115.165947,
                                                                          23.027084
                                                                      ],
                                                                      [
                                                                          115.180431,
                                                                          23.040337
                                                                      ],
                                                                      [
                                                                          115.194226,
                                                                          23.045637
                                                                      ],
                                                                      [
                                                                          115.20235,
                                                                          23.043835
                                                                      ],
                                                                      [
                                                                          115.220743,
                                                                          23.054754
                                                                      ],
                                                                      [
                                                                          115.22695,
                                                                          23.0538
                                                                      ],
                                                                      [
                                                                          115.24588,
                                                                          23.061803
                                                                      ],
                                                                      [
                                                                          115.251551,
                                                                          23.073568
                                                                      ],
                                                                      [
                                                                          115.265882,
                                                                          23.084114
                                                                      ],
                                                                      [
                                                                          115.262664,
                                                                          23.091426
                                                                      ],
                                                                      [
                                                                          115.290253,
                                                                          23.095559
                                                                      ],
                                                                      [
                                                                          115.287724,
                                                                          23.117865
                                                                      ],
                                                                      [
                                                                          115.281363,
                                                                          23.125016
                                                                      ],
                                                                      [
                                                                          115.285348,
                                                                          23.135505
                                                                      ],
                                                                      [
                                                                          115.28167,
                                                                          23.145145
                                                                      ],
                                                                      [
                                                                          115.283509,
                                                                          23.157433
                                                                      ],
                                                                      [
                                                                          115.294468,
                                                                          23.160981
                                                                      ],
                                                                      [
                                                                          115.311635,
                                                                          23.157645
                                                                      ],
                                                                      [
                                                                          115.317076,
                                                                          23.163523
                                                                      ],
                                                                      [
                                                                          115.325277,
                                                                          23.159392
                                                                      ],
                                                                      [
                                                                          115.336925,
                                                                          23.170302
                                                                      ],
                                                                      [
                                                                          115.342367,
                                                                          23.19413
                                                                      ],
                                                                      [
                                                                          115.376241,
                                                                          23.205143
                                                                      ],
                                                                      [
                                                                          115.388119,
                                                                          23.22023
                                                                      ],
                                                                      [
                                                                          115.404443,
                                                                          23.21986
                                                                      ],
                                                                      [
                                                                          115.40314,
                                                                          23.230658
                                                                      ],
                                                                      [
                                                                          115.409655,
                                                                          23.237963
                                                                      ],
                                                                      [
                                                                          115.425289,
                                                                          23.236322
                                                                      ],
                                                                      [
                                                                          115.419311,
                                                                          23.243785
                                                                      ],
                                                                      [
                                                                          115.403447,
                                                                          23.250083
                                                                      ],
                                                                      [
                                                                          115.401378,
                                                                          23.276437
                                                                      ],
                                                                      [
                                                                          115.39494,
                                                                          23.288342
                                                                      ],
                                                                      [
                                                                          115.384517,
                                                                          23.289877
                                                                      ],
                                                                      [
                                                                          115.377313,
                                                                          23.302892
                                                                      ],
                                                                      [
                                                                          115.365971,
                                                                          23.299823
                                                                      ],
                                                                      [
                                                                          115.362369,
                                                                          23.305114
                                                                      ],
                                                                      [
                                                                          115.348191,
                                                                          23.308552
                                                                      ],
                                                                      [
                                                                          115.345585,
                                                                          23.316964
                                                                      ],
                                                                      [
                                                                          115.334856,
                                                                          23.322412
                                                                      ],
                                                                      [
                                                                          115.310792,
                                                                          23.307971
                                                                      ],
                                                                      [
                                                                          115.303665,
                                                                          23.324634
                                                                      ],
                                                                      [
                                                                          115.306884,
                                                                          23.344415
                                                                      ],
                                                                      [
                                                                          115.303282,
                                                                          23.346425
                                                                      ],
                                                                      [
                                                                          115.306117,
                                                                          23.360597
                                                                      ],
                                                                      [
                                                                          115.295618,
                                                                          23.357319
                                                                      ],
                                                                      [
                                                                          115.277608,
                                                                          23.375879
                                                                      ],
                                                                      [
                                                                          115.265039,
                                                                          23.384445
                                                                      ],
                                                                      [
                                                                          115.240822,
                                                                          23.376725
                                                                      ],
                                                                      [
                                                                          115.235457,
                                                                          23.385343
                                                                      ],
                                                                      [
                                                                          115.221739,
                                                                          23.384445
                                                                      ],
                                                                      [
                                                                          115.205799,
                                                                          23.377412
                                                                      ],
                                                                      [
                                                                          115.197675,
                                                                          23.380796
                                                                      ],
                                                                      [
                                                                          115.189551,
                                                                          23.376619
                                                                      ],
                                                                      [
                                                                          115.17637,
                                                                          23.381008
                                                                      ],
                                                                      [
                                                                          115.168553,
                                                                          23.377307
                                                                      ],
                                                                      [
                                                                          115.169089,
                                                                          23.368794
                                                                      ],
                                                                      [
                                                                          115.157517,
                                                                          23.362342
                                                                      ],
                                                                      [
                                                                          115.141346,
                                                                          23.360809
                                                                      ],
                                                                      [
                                                                          115.12234,
                                                                          23.368159
                                                                      ],
                                                                      [
                                                                          115.11345,
                                                                          23.35954
                                                                      ],
                                                                      [
                                                                          115.100269,
                                                                          23.355997
                                                                      ],
                                                                      [
                                                                          115.087623,
                                                                          23.343886
                                                                      ],
                                                                      [
                                                                          115.078274,
                                                                          23.344944
                                                                      ],
                                                                      [
                                                                          115.069384,
                                                                          23.330875
                                                                      ],
                                                                      [
                                                                          115.06126,
                                                                          23.331351
                                                                      ],
                                                                      [
                                                                          115.056125,
                                                                          23.321195
                                                                      ],
                                                                      [
                                                                          115.048768,
                                                                          23.320561
                                                                      ],
                                                                      [
                                                                          115.031525,
                                                                          23.329235
                                                                      ],
                                                                      [
                                                                          115.007154,
                                                                          23.332356
                                                                      ],
                                                                      [
                                                                          115.007384,
                                                                          23.324475
                                                                      ],
                                                                      [
                                                                          114.996884,
                                                                          23.31379
                                                                      ],
                                                                      [
                                                                          114.992133,
                                                                          23.296755
                                                                      ],
                                                                      [
                                                                          114.978032,
                                                                          23.294374
                                                                      ],
                                                                      [
                                                                          114.971058,
                                                                          23.302469
                                                                      ],
                                                                      [
                                                                          114.976116,
                                                                          23.316858
                                                                      ],
                                                                      [
                                                                          114.970981,
                                                                          23.313631
                                                                      ],
                                                                      [
                                                                          114.961631,
                                                                          23.326749
                                                                      ],
                                                                      [
                                                                          114.948066,
                                                                          23.329606
                                                                      ],
                                                                      [
                                                                          114.953891,
                                                                          23.343727
                                                                      ],
                                                                      [
                                                                          114.944158,
                                                                          23.350179
                                                                      ],
                                                                      [
                                                                          114.923236,
                                                                          23.338597
                                                                      ],
                                                                      [
                                                                          114.913043,
                                                                          23.338756
                                                                      ],
                                                                      [
                                                                          114.915419,
                                                                          23.316064
                                                                      ],
                                                                      [
                                                                          114.919097,
                                                                          23.314848
                                                                      ],
                                                                      [
                                                                          114.91174,
                                                                          23.295908
                                                                      ],
                                                                      [
                                                                          114.91174,
                                                                          23.274532
                                                                      ],
                                                                      [
                                                                          114.89488,
                                                                          23.254899
                                                                      ],
                                                                      [
                                                                          114.898865,
                                                                          23.246643
                                                                      ],
                                                                      [
                                                                          114.879629,
                                                                          23.241139
                                                                      ],
                                                                      [
                                                                          114.87595,
                                                                          23.222877
                                                                      ],
                                                                      [
                                                                          114.859933,
                                                                          23.211072
                                                                      ],
                                                                      [
                                                                          114.861926,
                                                                          23.199901
                                                                      ],
                                                                      [
                                                                          114.868823,
                                                                          23.189841
                                                                      ],
                                                                      [
                                                                          114.856944,
                                                                          23.177451
                                                                      ],
                                                                      [
                                                                          114.850353,
                                                                          23.165271
                                                                      ],
                                                                      [
                                                                          114.834413,
                                                                          23.171784
                                                                      ],
                                                                      [
                                                                          114.827362,
                                                                          23.184493
                                                                      ],
                                                                      [
                                                                          114.804294,
                                                                          23.199795
                                                                      ],
                                                                      [
                                                                          114.802455,
                                                                          23.205566
                                                                      ],
                                                                      [
                                                                          114.786361,
                                                                          23.207101
                                                                      ],
                                                                      [
                                                                          114.782989,
                                                                          23.224571
                                                                      ],
                                                                      [
                                                                          114.786284,
                                                                          23.236269
                                                                      ],
                                                                      [
                                                                          114.793258,
                                                                          23.23971
                                                                      ],
                                                                      [
                                                                          114.786821,
                                                                          23.25654
                                                                      ],
                                                                      [
                                                                          114.786821,
                                                                          23.266277
                                                                      ],
                                                                      [
                                                                          114.78023,
                                                                          23.265801
                                                                      ],
                                                                      [
                                                                          114.779234,
                                                                          23.275114
                                                                      ],
                                                                      [
                                                                          114.768581,
                                                                          23.2794
                                                                      ],
                                                                      [
                                                                          114.779617,
                                                                          23.294903
                                                                      ],
                                                                      [
                                                                          114.776628,
                                                                          23.313472
                                                                      ],
                                                                      [
                                                                          114.761684,
                                                                          23.314636
                                                                      ],
                                                                      [
                                                                          114.75448,
                                                                          23.328812
                                                                      ],
                                                                      [
                                                                          114.73693,
                                                                          23.328389
                                                                      ],
                                                                      [
                                                                          114.73509,
                                                                          23.334366
                                                                      ],
                                                                      [
                                                                          114.72758,
                                                                          23.327649
                                                                      ],
                                                                      [
                                                                          114.727427,
                                                                          23.338333
                                                                      ],
                                                                      [
                                                                          114.715854,
                                                                          23.347905
                                                                      ],
                                                                      [
                                                                          114.719916,
                                                                          23.358588
                                                                      ],
                                                                      [
                                                                          114.697461,
                                                                          23.366203
                                                                      ],
                                                                      [
                                                                          114.703746,
                                                                          23.367578
                                                                      ],
                                                                      [
                                                                          114.70022,
                                                                          23.389256
                                                                      ],
                                                                      [
                                                                          114.693246,
                                                                          23.393538
                                                                      ],
                                                                      [
                                                                          114.707501,
                                                                          23.40427
                                                                      ],
                                                                      [
                                                                          114.686119,
                                                                          23.413521
                                                                      ],
                                                                      [
                                                                          114.665657,
                                                                          23.409662
                                                                      ],
                                                                      [
                                                                          114.659985,
                                                                          23.403318
                                                                      ],
                                                                      [
                                                                          114.652858,
                                                                          23.411882
                                                                      ],
                                                                      [
                                                                          114.650712,
                                                                          23.396922
                                                                      ],
                                                                      [
                                                                          114.632779,
                                                                          23.407865
                                                                      ],
                                                                      [
                                                                          114.642435,
                                                                          23.416956
                                                                      ],
                                                                      [
                                                                          114.66673,
                                                                          23.447347
                                                                      ],
                                                                      [
                                                                          114.676079,
                                                                          23.45522
                                                                      ],
                                                                      [
                                                                          114.697155,
                                                                          23.46061
                                                                      ],
                                                                      [
                                                                          114.698381,
                                                                          23.470438
                                                                      ],
                                                                      [
                                                                          114.68267,
                                                                          23.493949
                                                                      ],
                                                                      [
                                                                          114.685582,
                                                                          23.508317
                                                                      ],
                                                                      [
                                                                          114.698764,
                                                                          23.520624
                                                                      ],
                                                                      [
                                                                          114.692173,
                                                                          23.532402
                                                                      ],
                                                                      [
                                                                          114.677076,
                                                                          23.529338
                                                                      ],
                                                                      [
                                                                          114.661825,
                                                                          23.535623
                                                                      ],
                                                                      [
                                                                          114.65554,
                                                                          23.562871
                                                                      ],
                                                                      [
                                                                          114.6396,
                                                                          23.556429
                                                                      ],
                                                                      [
                                                                          114.636764,
                                                                          23.548614
                                                                      ],
                                                                      [
                                                                          114.625039,
                                                                          23.549406
                                                                      ],
                                                                      [
                                                                          114.623583,
                                                                          23.529233
                                                                      ],
                                                                      [
                                                                          114.606646,
                                                                          23.536838
                                                                      ],
                                                                      [
                                                                          114.611321,
                                                                          23.544178
                                                                      ],
                                                                      [
                                                                          114.600591,
                                                                          23.555214
                                                                      ],
                                                                      [
                                                                          114.583041,
                                                                          23.563504
                                                                      ],
                                                                      [
                                                                          114.57898,
                                                                          23.561498
                                                                      ],
                                                                      [
                                                                          114.567637,
                                                                          23.570738
                                                                      ],
                                                                      [
                                                                          114.567561,
                                                                          23.579554
                                                                      ],
                                                                      [
                                                                          114.554609,
                                                                          23.590165
                                                                      ],
                                                                      [
                                                                          114.556985,
                                                                          23.5965
                                                                      ],
                                                                      [
                                                                          114.55047,
                                                                          23.605315
                                                                      ],
                                                                      [
                                                                          114.557061,
                                                                          23.622204
                                                                      ],
                                                                      [
                                                                          114.545872,
                                                                          23.631757
                                                                      ],
                                                                      [
                                                                          114.530545,
                                                                          23.666634
                                                                      ],
                                                                      [
                                                                          114.520428,
                                                                          23.668428
                                                                      ],
                                                                      [
                                                                          114.512688,
                                                                          23.688527
                                                                      ],
                                                                      [
                                                                          114.493529,
                                                                          23.699182
                                                                      ],
                                                                      [
                                                                          114.473143,
                                                                          23.703349
                                                                      ],
                                                                      [
                                                                          114.440112,
                                                                          23.687578
                                                                      ],
                                                                      [
                                                                          114.424248,
                                                                          23.697178
                                                                      ],
                                                                      [
                                                                          114.421413,
                                                                          23.709942
                                                                      ],
                                                                      [
                                                                          114.405395,
                                                                          23.708201
                                                                      ],
                                                                      [
                                                                          114.388612,
                                                                          23.739262
                                                                      ],
                                                                      [
                                                                          114.378649,
                                                                          23.744693
                                                                      ],
                                                                      [
                                                                          114.368839,
                                                                          23.725499
                                                                      ],
                                                                      [
                                                                          114.355351,
                                                                          23.736046
                                                                      ],
                                                                      [
                                                                          114.357267,
                                                                          23.747593
                                                                      ],
                                                                      [
                                                                          114.341556,
                                                                          23.7516
                                                                      ],
                                                                      [
                                                                          114.337954,
                                                                          23.770632
                                                                      ],
                                                                      [
                                                                          114.348913,
                                                                          23.791453
                                                                      ],
                                                                      [
                                                                          114.342706,
                                                                          23.796882
                                                                      ],
                                                                      [
                                                                          114.34102,
                                                                          23.807844
                                                                      ],
                                                                      [
                                                                          114.332666,
                                                                          23.808635
                                                                      ],
                                                                      [
                                                                          114.326918,
                                                                          23.8324
                                                                      ],
                                                                      [
                                                                          114.33029,
                                                                          23.852948
                                                                      ],
                                                                      [
                                                                          114.343855,
                                                                          23.86654
                                                                      ],
                                                                      [
                                                                          114.356347,
                                                                          23.869595
                                                                      ],
                                                                      [
                                                                          114.346154,
                                                                          23.878392
                                                                      ],
                                                                      [
                                                                          114.34991,
                                                                          23.887925
                                                                      ],
                                                                      [
                                                                          114.331517,
                                                                          23.900512
                                                                      ],
                                                                      [
                                                                          114.32163,
                                                                          23.894403
                                                                      ],
                                                                      [
                                                                          114.303161,
                                                                          23.891454
                                                                      ],
                                                                      [
                                                                          114.28814,
                                                                          23.90541
                                                                      ],
                                                                      [
                                                                          114.279633,
                                                                          23.901091
                                                                      ],
                                                                      [
                                                                          114.268367,
                                                                          23.902829
                                                                      ],
                                                                      [
                                                                          114.263156,
                                                                          23.911044
                                                                      ],
                                                                      [
                                                                          114.248671,
                                                                          23.906516
                                                                      ],
                                                                      [
                                                                          114.236716,
                                                                          23.910676
                                                                      ],
                                                                      [
                                                                          114.247905,
                                                                          23.929737
                                                                      ],
                                                                      [
                                                                          114.254649,
                                                                          23.934686
                                                                      ],
                                                                      [
                                                                          114.251047,
                                                                          23.940477
                                                                      ],
                                                                      [
                                                                          114.271739,
                                                                          23.948479
                                                                      ],
                                                                      [
                                                                          114.271816,
                                                                          23.959482
                                                                      ],
                                                                      [
                                                                          114.263309,
                                                                          23.960218
                                                                      ],
                                                                      [
                                                                          114.258711,
                                                                          23.952744
                                                                      ],
                                                                      [
                                                                          114.244303,
                                                                          23.948269
                                                                      ],
                                                                      [
                                                                          114.238479,
                                                                          23.941899
                                                                      ],
                                                                      [
                                                                          114.21702,
                                                                          23.942636
                                                                      ],
                                                                      [
                                                                          114.213341,
                                                                          23.946163
                                                                      ],
                                                                      [
                                                                          114.201999,
                                                                          23.941267
                                                                      ],
                                                                      [
                                                                          114.19196,
                                                                          23.9449
                                                                      ],
                                                                      [
                                                                          114.186518,
                                                                          23.95627
                                                                      ],
                                                                      [
                                                                          114.174333,
                                                                          23.959429
                                                                      ],
                                                                      [
                                                                          114.16368,
                                                                          23.953586
                                                                      ],
                                                                      [
                                                                          114.158162,
                                                                          23.939846
                                                                      ],
                                                                      [
                                                                          114.142835,
                                                                          23.940425
                                                                      ],
                                                                      [
                                                                          114.119844,
                                                                          23.936002
                                                                      ],
                                                                      [
                                                                          114.117008,
                                                                          23.929737
                                                                      ],
                                                                      [
                                                                          114.075624,
                                                                          23.924366
                                                                      ],
                                                                      [
                                                                          114.074398,
                                                                          23.930895
                                                                      ],
                                                                      [
                                                                          114.056771,
                                                                          23.935844
                                                                      ],
                                                                      [
                                                                          114.04129,
                                                                          23.906937
                                                                      ],
                                                                      [
                                                                          114.036232,
                                                                          23.901776
                                                                      ],
                                                                      [
                                                                          114.04267,
                                                                          23.889874
                                                                      ],
                                                                      [
                                                                          114.041827,
                                                                          23.871491
                                                                      ],
                                                                      [
                                                                          114.047728,
                                                                          23.867488
                                                                      ],
                                                                      [
                                                                          114.050487,
                                                                          23.85474
                                                                      ],
                                                                      [
                                                                          114.057767,
                                                                          23.846784
                                                                      ],
                                                                      [
                                                                          114.052249,
                                                                          23.830029
                                                                      ],
                                                                      [
                                                                          114.040294,
                                                                          23.824444
                                                                      ],
                                                                      [
                                                                          114.035312,
                                                                          23.813378
                                                                      ],
                                                                      [
                                                                          114.047728,
                                                                          23.803312
                                                                      ],
                                                                      [
                                                                          114.037228,
                                                                          23.793509
                                                                      ],
                                                                      [
                                                                          114.056311,
                                                                          23.784021
                                                                      ],
                                                                      [
                                                                          114.05999,
                                                                          23.775851
                                                                      ],
                                                                      [
                                                                          114.038454,
                                                                          23.771212
                                                                      ],
                                                                      [
                                                                          114.027419,
                                                                          23.760141
                                                                      ],
                                                                      [
                                                                          114.02489,
                                                                          23.752549
                                                                      ],
                                                                      [
                                                                          114.018222,
                                                                          23.76283
                                                                      ],
                                                                      [
                                                                          114.009945,
                                                                          23.762988
                                                                      ],
                                                                      [
                                                                          114.017686,
                                                                          23.778276
                                                                      ],
                                                                      [
                                                                          114.013087,
                                                                          23.777959
                                                                      ],
                                                                      [
                                                                          113.998756,
                                                                          23.762988
                                                                      ],
                                                                      [
                                                                          113.976071,
                                                                          23.757716
                                                                      ],
                                                                      [
                                                                          113.972853,
                                                                          23.739262
                                                                      ],
                                                                      [
                                                                          113.96105,
                                                                          23.738207
                                                                      ],
                                                                      [
                                                                          113.955916,
                                                                          23.732671
                                                                      ],
                                                                      [
                                                                          113.940282,
                                                                          23.738155
                                                                      ],
                                                                      [
                                                                          113.93645,
                                                                          23.732143
                                                                      ],
                                                                      [
                                                                          113.920049,
                                                                          23.729454
                                                                      ],
                                                                      [
                                                                          113.912386,
                                                                          23.716534
                                                                      ],
                                                                      [
                                                                          113.900967,
                                                                          23.715426
                                                                      ],
                                                                      [
                                                                          113.897595,
                                                                          23.700184
                                                                      ],
                                                                      [
                                                                          113.881884,
                                                                          23.685151
                                                                      ],
                                                                      [
                                                                          113.847857,
                                                                          23.679348
                                                                      ],
                                                                      [
                                                                          113.839963,
                                                                          23.655449
                                                                      ],
                                                                      [
                                                                          113.818811,
                                                                          23.656188
                                                                      ],
                                                                      [
                                                                          113.827778,
                                                                          23.648009
                                                                      ],
                                                                      [
                                                                          113.825555,
                                                                          23.639883
                                                                      ],
                                                                      [
                                                                          113.816742,
                                                                          23.63582
                                                                      ],
                                                                      [
                                                                          113.817432,
                                                                          23.623471
                                                                      ],
                                                                      [
                                                                          113.832223,
                                                                          23.624263
                                                                      ],
                                                                      [
                                                                          113.834215,
                                                                          23.61756
                                                                      ],
                                                                      [
                                                                          113.843565,
                                                                          23.617877
                                                                      ],
                                                                      [
                                                                          113.859582,
                                                                          23.60996
                                                                      ],
                                                                      [
                                                                          113.858356,
                                                                          23.593491
                                                                      ],
                                                                      [
                                                                          113.864027,
                                                                          23.587368
                                                                      ],
                                                                      [
                                                                          113.852838,
                                                                          23.570579
                                                                      ],
                                                                      [
                                                                          113.862495,
                                                                          23.566303
                                                                      ],
                                                                      [
                                                                          113.871384,
                                                                          23.541327
                                                                      ],
                                                                      [
                                                                          113.888168,
                                                                          23.535095
                                                                      ],
                                                                      [
                                                                          113.89315,
                                                                          23.520254
                                                                      ],
                                                                      [
                                                                          113.906408,
                                                                          23.511856
                                                                      ],
                                                                      [
                                                                          113.911543,
                                                                          23.504144
                                                                      ],
                                                                      [
                                                                          113.923115,
                                                                          23.503088
                                                                      ],
                                                                      [
                                                                          113.929936,
                                                                          23.494213
                                                                      ],
                                                                      [
                                                                          113.946643,
                                                                          23.492522
                                                                      ],
                                                                      [
                                                                          113.940895,
                                                                          23.483594
                                                                      ],
                                                                      [
                                                                          113.931162,
                                                                          23.483066
                                                                      ],
                                                                      [
                                                                          113.938749,
                                                                          23.476726
                                                                      ],
                                                                      [
                                                                          113.96105,
                                                                          23.480371
                                                                      ],
                                                                      [
                                                                          113.974156,
                                                                          23.478839
                                                                      ],
                                                                      [
                                                                          113.981743,
                                                                          23.472129
                                                                      ],
                                                                      [
                                                                          113.974462,
                                                                          23.46489
                                                                      ],
                                                                      [
                                                                          113.955456,
                                                                          23.466053
                                                                      ],
                                                                      [
                                                                          113.952774,
                                                                          23.442907
                                                                      ],
                                                                      [
                                                                          113.960054,
                                                                          23.43276
                                                                      ],
                                                                      [
                                                                          113.975382,
                                                                          23.429378
                                                                      ],
                                                                      [
                                                                          113.98795,
                                                                          23.431439
                                                                      ],
                                                                      [
                                                                          113.984195,
                                                                          23.421238
                                                                      ],
                                                                      [
                                                                          113.986801,
                                                                          23.405591
                                                                      ],
                                                                      [
                                                                          114.000442,
                                                                          23.39338
                                                                      ],
                                                                      [
                                                                          113.995997,
                                                                          23.386771
                                                                      ],
                                                                      [
                                                                          113.982049,
                                                                          23.379369
                                                                      ],
                                                                      [
                                                                          113.990556,
                                                                          23.354833
                                                                      ],
                                                                      [
                                                                          114.000902,
                                                                          23.346636
                                                                      ],
                                                                      [
                                                                          113.993928,
                                                                          23.333149
                                                                      ],
                                                                      [
                                                                          113.984195,
                                                                          23.330505
                                                                      ],
                                                                      [
                                                                          113.996151,
                                                                          23.309346
                                                                      ],
                                                                      [
                                                                          113.996687,
                                                                          23.297443
                                                                      ],
                                                                      [
                                                                          113.978217,
                                                                          23.30104
                                                                      ],
                                                                      [
                                                                          113.977451,
                                                                          23.304849
                                                                      ],
                                                                      [
                                                                          113.958445,
                                                                          23.314953
                                                                      ],
                                                                      [
                                                                          113.958905,
                                                                          23.33262
                                                                      ],
                                                                      [
                                                                          113.939285,
                                                                          23.342934
                                                                      ],
                                                                      [
                                                                          113.927483,
                                                                          23.339972
                                                                      ],
                                                                      [
                                                                          113.895985,
                                                                          23.34505
                                                                      ],
                                                                      [
                                                                          113.889394,
                                                                          23.334154
                                                                      ],
                                                                      [
                                                                          113.894989,
                                                                          23.314689
                                                                      ],
                                                                      [
                                                                          113.888475,
                                                                          23.290512
                                                                      ],
                                                                      [
                                                                          113.890314,
                                                                          23.282681
                                                                      ],
                                                                      [
                                                                          113.877209,
                                                                          23.264213
                                                                      ],
                                                                      [
                                                                          113.895142,
                                                                          23.253523
                                                                      ],
                                                                      [
                                                                          113.890084,
                                                                          23.242144
                                                                      ],
                                                                      [
                                                                          113.903802,
                                                                          23.212554
                                                                      ],
                                                                      [
                                                                          113.893993,
                                                                          23.21266
                                                                      ],
                                                                      [
                                                                          113.8838,
                                                                          23.191694
                                                                      ],
                                                                      [
                                                                          113.889011,
                                                                          23.178616
                                                                      ],
                                                                      [
                                                                          113.902116,
                                                                          23.177186
                                                                      ],
                                                                      [
                                                                          113.895679,
                                                                          23.164529
                                                                      ],
                                                                      [
                                                                          113.874757,
                                                                          23.165377
                                                                      ],
                                                                      [
                                                                          113.858739,
                                                                          23.157221
                                                                      ],
                                                                      [
                                                                          113.849849,
                                                                          23.148853
                                                                      ],
                                                                      [
                                                                          113.844715,
                                                                          23.125599
                                                                      ],
                                                                      [
                                                                          113.848163,
                                                                          23.116911
                                                                      ],
                                                                      [
                                                                          113.863261,
                                                                          23.114633
                                                                      ],
                                                                      [
                                                                          113.876596,
                                                                          23.124275
                                                                      ],
                                                                      [
                                                                          113.894836,
                                                                          23.111295
                                                                      ],
                                                                      [
                                                                          113.905565,
                                                                          23.11511
                                                                      ],
                                                                      [
                                                                          113.938366,
                                                                          23.107534
                                                                      ],
                                                                      [
                                                                          113.962737,
                                                                          23.114209
                                                                      ],
                                                                      [
                                                                          113.970554,
                                                                          23.113308
                                                                      ],
                                                                      [
                                                                          113.986418,
                                                                          23.10197
                                                                      ],
                                                                      [
                                                                          113.993315,
                                                                          23.092645
                                                                      ],
                                                                      [
                                                                          114.010252,
                                                                          23.083425
                                                                      ],
                                                                      [
                                                                          114.029871,
                                                                          23.084379
                                                                      ],
                                                                      [
                                                                          114.049797,
                                                                          23.097467
                                                                      ],
                                                                      [
                                                                          114.065891,
                                                                          23.101441
                                                                      ],
                                                                      [
                                                                          114.088959,
                                                                          23.094182
                                                                      ],
                                                                      [
                                                                          114.091564,
                                                                          23.077331
                                                                      ],
                                                                      [
                                                                          114.102217,
                                                                          23.058623
                                                                      ],
                                                                      [
                                                                          114.120993,
                                                                          23.048022
                                                                      ],
                                                                      [
                                                                          114.150269,
                                                                          23.024698
                                                                      ],
                                                                      [
                                                                          114.151035,
                                                                          23.019079
                                                                      ],
                                                                      [
                                                                          114.139233,
                                                                          23.023479
                                                                      ],
                                                                      [
                                                                          114.124442,
                                                                          22.994
                                                                      ],
                                                                      [
                                                                          114.132182,
                                                                          22.994424
                                                                      ],
                                                                      [
                                                                          114.13816,
                                                                          22.986417
                                                                      ],
                                                                      [
                                                                          114.15571,
                                                                          22.983129
                                                                      ],
                                                                      [
                                                                          114.158546,
                                                                          22.978303
                                                                      ],
                                                                      [
                                                                          114.178701,
                                                                          22.989174
                                                                      ],
                                                                      [
                                                                          114.182303,
                                                                          22.995432
                                                                      ],
                                                                      [
                                                                          114.20039,
                                                                          22.986682
                                                                      ],
                                                                      [
                                                                          114.212498,
                                                                          22.987796
                                                                      ],
                                                                      [
                                                                          114.222385,
                                                                          22.980743
                                                                      ],
                                                                      [
                                                                          114.223841,
                                                                          22.963719
                                                                      ],
                                                                      [
                                                                          114.211349,
                                                                          22.953959
                                                                      ],
                                                                      [
                                                                          114.213035,
                                                                          22.928444
                                                                      ],
                                                                      [
                                                                          114.229742,
                                                                          22.914703
                                                                      ],
                                                                      [
                                                                          114.245299,
                                                                          22.911732
                                                                      ],
                                                                      [
                                                                          114.249208,
                                                                          22.905152
                                                                      ],
                                                                      [
                                                                          114.259171,
                                                                          22.906054
                                                                      ],
                                                                      [
                                                                          114.26032,
                                                                          22.899634
                                                                      ],
                                                                      [
                                                                          114.251737,
                                                                          22.884351
                                                                      ],
                                                                      [
                                                                          114.24484,
                                                                          22.88053
                                                                      ],
                                                                      [
                                                                          114.236946,
                                                                          22.88589
                                                                      ],
                                                                      [
                                                                          114.231198,
                                                                          22.880318
                                                                      ],
                                                                      [
                                                                          114.2348,
                                                                          22.862962
                                                                      ],
                                                                      [
                                                                          114.233114,
                                                                          22.842314
                                                                      ],
                                                                      [
                                                                          114.235643,
                                                                          22.839872
                                                                      ],
                                                                      [
                                                                          114.23388,
                                                                          22.816937
                                                                      ],
                                                                      [
                                                                          114.229205,
                                                                          22.81253
                                                                      ],
                                                                      [
                                                                          114.234953,
                                                                          22.792989
                                                                      ],
                                                                      [
                                                                          114.245529,
                                                                          22.790652
                                                                      ],
                                                                      [
                                                                          114.250817,
                                                                          22.781677
                                                                      ],
                                                                      [
                                                                          114.26147,
                                                                          22.781783
                                                                      ],
                                                                      [
                                                                          114.282852,
                                                                          22.802388
                                                                      ],
                                                                      [
                                                                          114.284844,
                                                                          22.808282
                                                                      ],
                                                                      [
                                                                          114.294347,
                                                                          22.803397
                                                                      ],
                                                                      [
                                                                          114.314503,
                                                                          22.800157
                                                                      ],
                                                                      [
                                                                          114.318565,
                                                                          22.806583
                                                                      ],
                                                                      [
                                                                          114.33052,
                                                                          22.809291
                                                                      ],
                                                                      [
                                                                          114.353128,
                                                                          22.806636
                                                                      ],
                                                                      [
                                                                          114.351136,
                                                                          22.789696
                                                                      ],
                                                                      [
                                                                          114.342706,
                                                                          22.783642
                                                                      ],
                                                                      [
                                                                          114.354125,
                                                                          22.778172
                                                                      ],
                                                                      [
                                                                          114.355964,
                                                                          22.764893
                                                                      ],
                                                                      [
                                                                          114.36562,
                                                                          22.766062
                                                                      ],
                                                                      [
                                                                          114.388075,
                                                                          22.757191
                                                                      ],
                                                                      [
                                                                          114.394819,
                                                                          22.759794
                                                                      ],
                                                                      [
                                                                          114.396352,
                                                                          22.777322
                                                                      ],
                                                                      [
                                                                          114.404706,
                                                                          22.781305
                                                                      ],
                                                                      [
                                                                          114.41827,
                                                                          22.766327
                                                                      ],
                                                                      [
                                                                          114.414055,
                                                                          22.752251
                                                                      ],
                                                                      [
                                                                          114.413902,
                                                                          22.736261
                                                                      ],
                                                                      [
                                                                          114.403403,
                                                                          22.723935
                                                                      ],
                                                                      [
                                                                          114.409227,
                                                                          22.713574
                                                                      ],
                                                                      [
                                                                          114.42057,
                                                                          22.713999
                                                                      ],
                                                                      [
                                                                          114.426394,
                                                                          22.699918
                                                                      ],
                                                                      [
                                                                          114.442028,
                                                                          22.697579
                                                                      ],
                                                                      [
                                                                          114.445324,
                                                                          22.68897
                                                                      ],
                                                                      [
                                                                          114.441338,
                                                                          22.682167
                                                                      ],
                                                                      [
                                                                          114.428157,
                                                                          22.676746
                                                                      ],
                                                                      [
                                                                          114.431912,
                                                                          22.660907
                                                                      ],
                                                                      [
                                                                          114.449692,
                                                                          22.665319
                                                                      ],
                                                                      [
                                                                          114.453447,
                                                                          22.669943
                                                                      ],
                                                                      [
                                                                          114.478278,
                                                                          22.661864
                                                                      ],
                                                                      [
                                                                          114.481956,
                                                                          22.668136
                                                                      ],
                                                                      [
                                                                          114.505867,
                                                                          22.668455
                                                                      ],
                                                                      [
                                                                          114.514451,
                                                                          22.660747
                                                                      ]
                                                                  ]
                                                              ],
                                                              [
                                                                  [
                                                                      [
                                                                          114.650482,
                                                                          22.573916
                                                                      ],
                                                                      [
                                                                          114.658913,
                                                                          22.560512
                                                                      ],
                                                                      [
                                                                          114.657763,
                                                                          22.575565
                                                                      ],
                                                                      [
                                                                          114.638144,
                                                                          22.585724
                                                                      ],
                                                                      [
                                                                          114.641592,
                                                                          22.572799
                                                                      ],
                                                                      [
                                                                          114.650482,
                                                                          22.573916
                                                                      ]
                                                                  ]
                                                              ],
                                                              [
                                                                  [
                                                                      [
                                                                          114.628947,
                                                                          22.448492
                                                                      ],
                                                                      [
                                                                          114.638527,
                                                                          22.454241
                                                                      ],
                                                                      [
                                                                          114.652092,
                                                                          22.454507
                                                                      ],
                                                                      [
                                                                          114.657227,
                                                                          22.462439
                                                                      ],
                                                                      [
                                                                          114.631783,
                                                                          22.468082
                                                                      ],
                                                                      [
                                                                          114.620287,
                                                                          22.466325
                                                                      ],
                                                                      [
                                                                          114.628947,
                                                                          22.448492
                                                                      ]
                                                                  ]
                                                              ],
                                                              [
                                                                  [
                                                                      [
                                                                          114.609941,
                                                                          22.670262
                                                                      ],
                                                                      [
                                                                          114.61293,
                                                                          22.661704
                                                                      ],
                                                                      [
                                                                          114.617988,
                                                                          22.669518
                                                                      ],
                                                                      [
                                                                          114.609941,
                                                                          22.670262
                                                                      ]
                                                                  ]
                                                              ],
                                                              [
                                                                  [
                                                                      [
                                                                          114.840007,
                                                                          22.51199
                                                                      ],
                                                                      [
                                                                          114.84062,
                                                                          22.502038
                                                                      ],
                                                                      [
                                                                          114.855641,
                                                                          22.513799
                                                                      ],
                                                                      [
                                                                          114.845908,
                                                                          22.516779
                                                                      ],
                                                                      [
                                                                          114.840007,
                                                                          22.51199
                                                                      ]
                                                                  ]
                                                              ],
                                                              [
                                                                  [
                                                                      [
                                                                          114.649409,
                                                                          22.675152
                                                                      ],
                                                                      [
                                                                          114.648107,
                                                                          22.664734
                                                                      ],
                                                                      [
                                                                          114.653548,
                                                                          22.664043
                                                                      ],
                                                                      [
                                                                          114.649409,
                                                                          22.675152
                                                                      ]
                                                                  ]
                                                              ],
                                                              [
                                                                  [
                                                                      [
                                                                          114.72689,
                                                                          22.577693
                                                                      ],
                                                                      [
                                                                          114.720836,
                                                                          22.588543
                                                                      ],
                                                                      [
                                                                          114.719226,
                                                                          22.580246
                                                                      ],
                                                                      [
                                                                          114.72689,
                                                                          22.577693
                                                                      ]
                                                                  ]
                                                              ],
                                                              [
                                                                  [
                                                                      [
                                                                          114.641286,
                                                                          22.429378
                                                                      ],
                                                                      [
                                                                          114.650482,
                                                                          22.428739
                                                                      ],
                                                                      [
                                                                          114.659602,
                                                                          22.444073
                                                                      ],
                                                                      [
                                                                          114.654238,
                                                                          22.445138
                                                                      ],
                                                                      [
                                                                          114.641286,
                                                                          22.429378
                                                                      ]
                                                                  ]
                                                              ]
                                                          ]
                                      }
                     }
                 ]
}