{
    "type":  "FeatureCollection",
    "name":  "province_outlines_beijing_shanghai_guangdong",
    "crs":  {
                "type":  "name",
                "properties":  {
                                   "name":  "urn:ogc:def:crs:OGC:1.3:CRS84"
                               }
            },
    "features":  [
                     {
                         "type":  "Feature",
                         "properties":  {
                                            "adcode":  110000,
                                            "name":  "北京市",
                                            "center":  [
                                                           116.405285,
                                                           39.904989
                                                       ],
                                            "centroid":  [
                                                             116.41995,
                                                             40.18994
                                                         ],
                                            "childrenNum":  16,
                                            "level":  "province",
                                            "parent":  {
                                                           "adcode":  100000
                                                       },
                                            "subFeatureIndex":  0,
                                            "acroutes":  [
                                                             100000
                                                         ]
                                        },
                         "geometry":  {
                                          "type":  "MultiPolygon",
                                          "coordinates":  [
                                                              [
                                                                  [
                                                                      [
                                                                          117.348611,
                                                                          40.581141
                                                                      ],
                                                                      [
                                                                          117.389879,
                                                                          40.561593
                                                                      ],
                                                                      [
                                                                          117.429915,
                                                                          40.576141
                                                                      ],
                                                                      [
                                                                          117.412669,
                                                                          40.605226
                                                                      ],
                                                                      [
                                                                          117.467487,
                                                                          40.649738
                                                                      ],
                                                                      [
                                                                          117.467487,
                                                                          40.649738
                                                                      ],
                                                                      [
                                                                          117.501364,
                                                                          40.636569
                                                                      ],
                                                                      [
                                                                          117.514914,
                                                                          40.660181
                                                                      ],
                                                                      [
                                                                          117.493973,
                                                                          40.675161
                                                                      ],
                                                                      [
                                                                          117.408973,
                                                                          40.686961
                                                                      ],
                                                                      [
                                                                          117.342451,
                                                                          40.673799
                                                                      ],
                                                                      [
                                                                          117.319662,
                                                                          40.657911
                                                                      ],
                                                                      [
                                                                          117.278394,
                                                                          40.664267
                                                                      ],
                                                                      [
                                                                          117.208177,
                                                                          40.694675
                                                                      ],
                                                                      [
                                                                          117.117018,
                                                                          40.70012
                                                                      ],
                                                                      [
                                                                          117.11209,
                                                                          40.707379
                                                                      ],
                                                                      [
                                                                          117.012308,
                                                                          40.693767
                                                                      ],
                                                                      [
                                                                          116.964881,
                                                                          40.709647
                                                                      ],
                                                                      [
                                                                          116.926692,
                                                                          40.745022
                                                                      ],
                                                                      [
                                                                          116.924229,
                                                                          40.773581
                                                                      ],
                                                                      [
                                                                          116.848468,
                                                                          40.839264
                                                                      ],
                                                                      [
                                                                          116.81336,
                                                                          40.848319
                                                                      ],
                                                                      [
                                                                          116.759773,
                                                                          40.889954
                                                                      ],
                                                                      [
                                                                          116.713577,
                                                                          40.909858
                                                                      ],
                                                                      [
                                                                          116.722201,
                                                                          40.927495
                                                                      ],
                                                                      [
                                                                          116.677853,
                                                                          40.970888
                                                                      ],
                                                                      [
                                                                          116.698795,
                                                                          41.021477
                                                                      ],
                                                                      [
                                                                          116.688324,
                                                                          41.044501
                                                                      ],
                                                                      [
                                                                          116.647672,
                                                                          41.059394
                                                                      ],
                                                                      [
                                                                          116.615643,
                                                                          41.053076
                                                                      ],
                                                                      [
                                                                          116.623034,
                                                                          41.021026
                                                                      ],
                                                                      [
                                                                          116.598397,
                                                                          40.974503
                                                                      ],
                                                                      [
                                                                          116.5676,
                                                                          40.992574
                                                                      ],
                                                                      [
                                                                          116.519557,
                                                                          40.98128
                                                                      ],
                                                                      [
                                                                          116.519557,
                                                                          40.98128
                                                                      ],
                                                                      [
                                                                          116.455499,
                                                                          40.980828
                                                                      ],
                                                                      [
                                                                          116.447492,
                                                                          40.953715
                                                                      ],
                                                                      [
                                                                          116.477057,
                                                                          40.899907
                                                                      ],
                                                                      [
                                                                          116.398216,
                                                                          40.90624
                                                                      ],
                                                                      [
                                                                          116.370499,
                                                                          40.94377
                                                                      ],
                                                                      [
                                                                          116.339702,
                                                                          40.929303
                                                                      ],
                                                                      [
                                                                          116.334159,
                                                                          40.90443
                                                                      ],
                                                                      [
                                                                          116.438253,
                                                                          40.81934
                                                                      ],
                                                                      [
                                                                          116.46597,
                                                                          40.774487
                                                                      ],
                                                                      [
                                                                          116.453651,
                                                                          40.765876
                                                                      ],
                                                                      [
                                                                          116.316912,
                                                                          40.772221
                                                                      ],
                                                                      [
                                                                          116.311369,
                                                                          40.754996
                                                                      ],
                                                                      [
                                                                          116.273181,
                                                                          40.762703
                                                                      ],
                                                                      [
                                                                          116.247311,
                                                                          40.791707
                                                                      ],
                                                                      [
                                                                          116.22021,
                                                                          40.744115
                                                                      ],
                                                                      [
                                                                          116.204812,
                                                                          40.740035
                                                                      ],
                                                                      [
                                                                          116.171551,
                                                                          40.695582
                                                                      ],
                                                                      [
                                                                          116.162928,
                                                                          40.662451
                                                                      ],
                                                                      [
                                                                          116.133979,
                                                                          40.666536
                                                                      ],
                                                                      [
                                                                          116.09887,
                                                                          40.630665
                                                                      ],
                                                                      [
                                                                          116.005247,
                                                                          40.583868
                                                                      ],
                                                                      [
                                                                          115.982457,
                                                                          40.578868
                                                                      ],
                                                                      [
                                                                          115.971986,
                                                                          40.6025
                                                                      ],
                                                                      [
                                                                          115.907929,
                                                                          40.617493
                                                                      ],
                                                                      [
                                                                          115.885139,
                                                                          40.595229
                                                                      ],
                                                                      [
                                                                          115.827857,
                                                                          40.587504
                                                                      ],
                                                                      [
                                                                          115.819849,
                                                                          40.55932
                                                                      ],
                                                                      [
                                                                          115.784741,
                                                                          40.55841
                                                                      ],
                                                                      [
                                                                          115.755176,
                                                                          40.540221
                                                                      ],
                                                                      [
                                                                          115.736082,
                                                                          40.503372
                                                                      ],
                                                                      [
                                                                          115.781045,
                                                                          40.49336
                                                                      ],
                                                                      [
                                                                          115.771806,
                                                                          40.443734
                                                                      ],
                                                                      [
                                                                          115.864197,
                                                                          40.359422
                                                                      ],
                                                                      [
                                                                          115.917784,
                                                                          40.354405
                                                                      ],
                                                                      [
                                                                          115.95166,
                                                                          40.281852
                                                                      ],
                                                                      [
                                                                          115.968907,
                                                                          40.264045
                                                                      ],
                                                                      [
                                                                          115.89869,
                                                                          40.234354
                                                                      ],
                                                                      [
                                                                          115.870356,
                                                                          40.185909
                                                                      ],
                                                                      [
                                                                          115.855574,
                                                                          40.188652
                                                                      ],
                                                                      [
                                                                          115.847567,
                                                                          40.147036
                                                                      ],
                                                                      [
                                                                          115.806299,
                                                                          40.15344
                                                                      ],
                                                                      [
                                                                          115.773654,
                                                                          40.176307
                                                                      ],
                                                                      [
                                                                          115.75456,
                                                                          40.145663
                                                                      ],
                                                                      [
                                                                          115.75456,
                                                                          40.145663
                                                                      ],
                                                                      [
                                                                          115.599959,
                                                                          40.119583
                                                                      ],
                                                                      [
                                                                          115.59072,
                                                                          40.096239
                                                                      ],
                                                                      [
                                                                          115.527278,
                                                                          40.076092
                                                                      ],
                                                                      [
                                                                          115.485394,
                                                                          40.040364
                                                                      ],
                                                                      [
                                                                          115.454597,
                                                                          40.029825
                                                                      ],
                                                                      [
                                                                          115.450286,
                                                                          39.992697
                                                                      ],
                                                                      [
                                                                          115.428728,
                                                                          39.984443
                                                                      ],
                                                                      [
                                                                          115.426264,
                                                                          39.950502
                                                                      ],
                                                                      [
                                                                          115.481083,
                                                                          39.935819
                                                                      ],
                                                                      [
                                                                          115.522967,
                                                                          39.899099
                                                                      ],
                                                                      [
                                                                          115.515575,
                                                                          39.892212
                                                                      ],
                                                                      [
                                                                          115.515575,
                                                                          39.892212
                                                                      ],
                                                                      [
                                                                          115.526046,
                                                                          39.87568
                                                                      ],
                                                                      [
                                                                          115.514344,
                                                                          39.837549
                                                                      ],
                                                                      [
                                                                          115.567314,
                                                                          39.816407
                                                                      ],
                                                                      [
                                                                          115.552532,
                                                                          39.794799
                                                                      ],
                                                                      [
                                                                          115.50572,
                                                                          39.784222
                                                                      ],
                                                                      [
                                                                          115.483547,
                                                                          39.798477
                                                                      ],
                                                                      [
                                                                          115.483547,
                                                                          39.798477
                                                                      ],
                                                                      [
                                                                          115.443511,
                                                                          39.785601
                                                                      ],
                                                                      [
                                                                          115.439815,
                                                                          39.752022
                                                                      ],
                                                                      [
                                                                          115.486626,
                                                                          39.741899
                                                                      ],
                                                                      [
                                                                          115.491554,
                                                                          39.670074
                                                                      ],
                                                                      [
                                                                          115.478619,
                                                                          39.650723
                                                                      ],
                                                                      [
                                                                          115.478619,
                                                                          39.650723
                                                                      ],
                                                                      [
                                                                          115.522351,
                                                                          39.640124
                                                                      ],
                                                                      [
                                                                          115.518039,
                                                                          39.597252
                                                                      ],
                                                                      [
                                                                          115.545756,
                                                                          39.618922
                                                                      ],
                                                                      [
                                                                          115.587024,
                                                                          39.589873
                                                                      ],
                                                                      [
                                                                          115.633836,
                                                                          39.599557
                                                                      ],
                                                                      [
                                                                          115.633836,
                                                                          39.599557
                                                                      ],
                                                                      [
                                                                          115.667712,
                                                                          39.615234
                                                                      ],
                                                                      [
                                                                          115.698509,
                                                                          39.577881
                                                                      ],
                                                                      [
                                                                          115.698509,
                                                                          39.577881
                                                                      ],
                                                                      [
                                                                          115.699125,
                                                                          39.570039
                                                                      ],
                                                                      [
                                                                          115.699125,
                                                                          39.570039
                                                                      ],
                                                                      [
                                                                          115.716988,
                                                                          39.56035
                                                                      ],
                                                                      [
                                                                          115.716988,
                                                                          39.56035
                                                                      ],
                                                                      [
                                                                          115.718835,
                                                                          39.553891
                                                                      ],
                                                                      [
                                                                          115.718835,
                                                                          39.553891
                                                                      ],
                                                                      [
                                                                          115.720683,
                                                                          39.551122
                                                                      ],
                                                                      [
                                                                          115.720683,
                                                                          39.551122
                                                                      ],
                                                                      [
                                                                          115.722531,
                                                                          39.5442
                                                                      ],
                                                                      [
                                                                          115.721299,
                                                                          39.543738
                                                                      ],
                                                                      [
                                                                          115.722531,
                                                                          39.5442
                                                                      ],
                                                                      [
                                                                          115.722531,
                                                                          39.543738
                                                                      ],
                                                                      [
                                                                          115.721299,
                                                                          39.543738
                                                                      ],
                                                                      [
                                                                          115.722531,
                                                                          39.543738
                                                                      ],
                                                                      [
                                                                          115.724995,
                                                                          39.5442
                                                                      ],
                                                                      [
                                                                          115.724995,
                                                                          39.5442
                                                                      ],
                                                                      [
                                                                          115.738545,
                                                                          39.540046
                                                                      ],
                                                                      [
                                                                          115.738545,
                                                                          39.539585
                                                                      ],
                                                                      [
                                                                          115.738545,
                                                                          39.540046
                                                                      ],
                                                                      [
                                                                          115.738545,
                                                                          39.539585
                                                                      ],
                                                                      [
                                                                          115.752712,
                                                                          39.515581
                                                                      ],
                                                                      [
                                                                          115.806299,
                                                                          39.510041
                                                                      ],
                                                                      [
                                                                          115.806299,
                                                                          39.510041
                                                                      ],
                                                                      [
                                                                          115.821081,
                                                                          39.522968
                                                                      ],
                                                                      [
                                                                          115.821081,
                                                                          39.522968
                                                                      ],
                                                                      [
                                                                          115.828473,
                                                                          39.541431
                                                                      ],
                                                                      [
                                                                          115.867893,
                                                                          39.546507
                                                                      ],
                                                                      [
                                                                          115.867893,
                                                                          39.546507
                                                                      ],
                                                                      [
                                                                          115.91532,
                                                                          39.582955
                                                                      ],
                                                                      [
                                                                          115.91532,
                                                                          39.582955
                                                                      ],
                                                                      [
                                                                          115.910393,
                                                                          39.600479
                                                                      ],
                                                                      [
                                                                          115.910393,
                                                                          39.600479
                                                                      ],
                                                                      [
                                                                          115.957204,
                                                                          39.560812
                                                                      ],
                                                                      [
                                                                          115.978146,
                                                                          39.595868
                                                                      ],
                                                                      [
                                                                          115.995392,
                                                                          39.576958
                                                                      ],
                                                                      [
                                                                          116.026189,
                                                                          39.587567
                                                                      ],
                                                                      [
                                                                          116.036044,
                                                                          39.571884
                                                                      ],
                                                                      [
                                                                          116.09887,
                                                                          39.575113
                                                                      ],
                                                                      [
                                                                          116.130283,
                                                                          39.567732
                                                                      ],
                                                                      [
                                                                          116.151841,
                                                                          39.583416
                                                                      ],
                                                                      [
                                                                          116.198652,
                                                                          39.589412
                                                                      ],
                                                                      [
                                                                          116.240536,
                                                                          39.564041
                                                                      ],
                                                                      [
                                                                          116.257782,
                                                                          39.500344
                                                                      ],
                                                                      [
                                                                          116.307057,
                                                                          39.488337
                                                                      ],
                                                                      [
                                                                          116.337854,
                                                                          39.455536
                                                                      ],
                                                                      [
                                                                          116.361876,
                                                                          39.455074
                                                                      ],
                                                                      [
                                                                          116.361876,
                                                                          39.455074
                                                                      ],
                                                                      [
                                                                          116.434557,
                                                                          39.442597
                                                                      ],
                                                                      [
                                                                          116.454883,
                                                                          39.453226
                                                                      ],
                                                                      [
                                                                          116.444412,
                                                                          39.482332
                                                                      ],
                                                                      [
                                                                          116.411767,
                                                                          39.482794
                                                                      ],
                                                                      [
                                                                          116.401912,
                                                                          39.528046
                                                                      ],
                                                                      [
                                                                          116.443796,
                                                                          39.510041
                                                                      ],
                                                                      [
                                                                          116.437637,
                                                                          39.526661
                                                                      ],
                                                                      [
                                                                          116.478289,
                                                                          39.535431
                                                                      ],
                                                                      [
                                                                          116.473361,
                                                                          39.552968
                                                                      ],
                                                                      [
                                                                          116.50847,
                                                                          39.551122
                                                                      ],
                                                                      [
                                                                          116.524484,
                                                                          39.596329
                                                                      ],
                                                                      [
                                                                          116.592237,
                                                                          39.621227
                                                                      ],
                                                                      [
                                                                          116.592237,
                                                                          39.621227
                                                                      ],
                                                                      [
                                                                          116.620571,
                                                                          39.601863
                                                                      ],
                                                                      [
                                                                          116.664918,
                                                                          39.605552
                                                                      ],
                                                                      [
                                                                          116.723432,
                                                                          39.59264
                                                                      ],
                                                                      [
                                                                          116.724048,
                                                                          39.59264
                                                                      ],
                                                                      [
                                                                          116.723432,
                                                                          39.59264
                                                                      ],
                                                                      [
                                                                          116.724048,
                                                                          39.59264
                                                                      ],
                                                                      [
                                                                          116.726512,
                                                                          39.595407
                                                                      ],
                                                                      [
                                                                          116.726512,
                                                                          39.595407
                                                                      ],
                                                                      [
                                                                          116.709266,
                                                                          39.618
                                                                      ],
                                                                      [
                                                                          116.748686,
                                                                          39.619844
                                                                      ],
                                                                      [
                                                                          116.79057,
                                                                          39.595868
                                                                      ],
                                                                      [
                                                                          116.812128,
                                                                          39.615695
                                                                      ],
                                                                      [
                                                                          116.8497,
                                                                          39.66777
                                                                      ],
                                                                      [
                                                                          116.906366,
                                                                          39.677444
                                                                      ],
                                                                      [
                                                                          116.90575,
                                                                          39.688037
                                                                      ],
                                                                      [
                                                                          116.889736,
                                                                          39.687576
                                                                      ],
                                                                      [
                                                                          116.887272,
                                                                          39.72533
                                                                      ],
                                                                      [
                                                                          116.916837,
                                                                          39.731314
                                                                      ],
                                                                      [
                                                                          116.902055,
                                                                          39.763523
                                                                      ],
                                                                      [
                                                                          116.949482,
                                                                          39.778703
                                                                      ],
                                                                      [
                                                                          116.918069,
                                                                          39.84628
                                                                      ],
                                                                      [
                                                                          116.907598,
                                                                          39.832494
                                                                      ],
                                                                      [
                                                                          116.865714,
                                                                          39.843982
                                                                      ],
                                                                      [
                                                                          116.812128,
                                                                          39.889916
                                                                      ],
                                                                      [
                                                                          116.78441,
                                                                          39.891294
                                                                      ],
                                                                      [
                                                                          116.782563,
                                                                          39.947749
                                                                      ],
                                                                      [
                                                                          116.757925,
                                                                          39.967934
                                                                      ],
                                                                      [
                                                                          116.781331,
                                                                          40.034866
                                                                      ],
                                                                      [
                                                                          116.820135,
                                                                          40.02845
                                                                      ],
                                                                      [
                                                                          116.831222,
                                                                          40.051359
                                                                      ],
                                                                      [
                                                                          116.867562,
                                                                          40.041739
                                                                      ],
                                                                      [
                                                                          116.927924,
                                                                          40.055024
                                                                      ],
                                                                      [
                                                                          116.945171,
                                                                          40.04128
                                                                      ],
                                                                      [
                                                                          117.025243,
                                                                          40.030283
                                                                      ],
                                                                      [
                                                                          117.051728,
                                                                          40.059605
                                                                      ],
                                                                      [
                                                                          117.105315,
                                                                          40.074261
                                                                      ],
                                                                      [
                                                                          117.105315,
                                                                          40.074261
                                                                      ],
                                                                      [
                                                                          117.140423,
                                                                          40.064185
                                                                      ],
                                                                      [
                                                                          117.159517,
                                                                          40.077008
                                                                      ],
                                                                      [
                                                                          117.204481,
                                                                          40.069681
                                                                      ],
                                                                      [
                                                                          117.210024,
                                                                          40.082045
                                                                      ],
                                                                      [
                                                                          117.224191,
                                                                          40.094865
                                                                      ],
                                                                      [
                                                                          117.224191,
                                                                          40.094865
                                                                      ],
                                                                      [
                                                                          117.254988,
                                                                          40.114548
                                                                      ],
                                                                      [
                                                                          117.254988,
                                                                          40.114548
                                                                      ],
                                                                      [
                                                                          117.254988,
                                                                          40.114548
                                                                      ],
                                                                      [
                                                                          117.274082,
                                                                          40.105852
                                                                      ],
                                                                      [
                                                                          117.307343,
                                                                          40.136971
                                                                      ],
                                                                      [
                                                                          117.349227,
                                                                          40.136513
                                                                      ],
                                                                      [
                                                                          117.367089,
                                                                          40.172649
                                                                      ],
                                                                      [
                                                                          117.367089,
                                                                          40.173106
                                                                      ],
                                                                      [
                                                                          117.367089,
                                                                          40.173106
                                                                      ],
                                                                      [
                                                                          117.367089,
                                                                          40.172649
                                                                      ],
                                                                      [
                                                                          117.383719,
                                                                          40.188195
                                                                      ],
                                                                      [
                                                                          117.389879,
                                                                          40.227958
                                                                      ],
                                                                      [
                                                                          117.351075,
                                                                          40.229786
                                                                      ],
                                                                      [
                                                                          117.331365,
                                                                          40.289613
                                                                      ],
                                                                      [
                                                                          117.295024,
                                                                          40.2782
                                                                      ],
                                                                      [
                                                                          117.271618,
                                                                          40.325211
                                                                      ],
                                                                      [
                                                                          117.271618,
                                                                          40.325211
                                                                      ],
                                                                      [
                                                                          117.243285,
                                                                          40.369453
                                                                      ],
                                                                      [
                                                                          117.226039,
                                                                          40.368997
                                                                      ],
                                                                      [
                                                                          117.234046,
                                                                          40.417312
                                                                      ],
                                                                      [
                                                                          117.263611,
                                                                          40.442367
                                                                      ],
                                                                      [
                                                                          117.208793,
                                                                          40.501552
                                                                      ],
                                                                      [
                                                                          117.262995,
                                                                          40.512927
                                                                      ],
                                                                      [
                                                                          117.247597,
                                                                          40.539766
                                                                      ],
                                                                      [
                                                                          117.269771,
                                                                          40.560684
                                                                      ],
                                                                      [
                                                                          117.348611,
                                                                          40.581141
                                                                      ],
                                                                      [
                                                                          117.348611,
                                                                          40.581141
                                                                      ]
                                                                  ]
                                                              ]
                                                          ]
                                      }
                     },
                     {
                         "type":  "Feature",
                         "properties":  {
                                            "adcode":  310000,
                                            "name":  "上海市",
                                            "center":  [
                                                           121.472644,
                                                           31.231706
                                                       ],
                                            "centroid":  [
                                                             121.438737,
                                                             31.072559
                                                         ],
                                            "childrenNum":  16,
                                            "level":  "province",
                                            "parent":  {
                                                           "adcode":  100000
                                                       },
                                            "subFeatureIndex":  8,
                                            "acroutes":  [
                                                             100000
                                                         ]
                                        },
                         "geometry":  {
                                          "type":  "MultiPolygon",
                                          "coordinates":  [
                                                              [
                                                                  [
                                                                      [
                                                                          120.901349,
                                                                          31.017327
                                                                      ],
                                                                      [
                                                                          120.940153,
                                                                          31.010146
                                                                      ],
                                                                      [
                                                                          120.949392,
                                                                          31.030148
                                                                      ],
                                                                      [
                                                                          120.989428,
                                                                          31.01425
                                                                      ],
                                                                      [
                                                                          121.000515,
                                                                          30.938309
                                                                      ],
                                                                      [
                                                                          120.993124,
                                                                          30.889532
                                                                      ],
                                                                      [
                                                                          121.020225,
                                                                          30.872069
                                                                      ],
                                                                      [
                                                                          120.991892,
                                                                          30.837133
                                                                      ],
                                                                      [
                                                                          121.038087,
                                                                          30.814007
                                                                      ],
                                                                      [
                                                                          121.060261,
                                                                          30.845354
                                                                      ],
                                                                      [
                                                                          121.097833,
                                                                          30.857171
                                                                      ],
                                                                      [
                                                                          121.13787,
                                                                          30.826342
                                                                      ],
                                                                      [
                                                                          121.123087,
                                                                          30.77905
                                                                      ],
                                                                      [
                                                                          121.174826,
                                                                          30.771851
                                                                      ],
                                                                      [
                                                                          121.21671,
                                                                          30.785734
                                                                      ],
                                                                      [
                                                                          121.232108,
                                                                          30.755909
                                                                      ],
                                                                      [
                                                                          121.272144,
                                                                          30.723504
                                                                      ],
                                                                      [
                                                                          121.274608,
                                                                          30.677191
                                                                      ],
                                                                      [
                                                                          121.362071,
                                                                          30.679764
                                                                      ],
                                                                      [
                                                                          121.426129,
                                                                          30.730192
                                                                      ],
                                                                      [
                                                                          121.517288,
                                                                          30.775451
                                                                      ],
                                                                      [
                                                                          121.601056,
                                                                          30.805269
                                                                      ],
                                                                      [
                                                                          121.681128,
                                                                          30.818633
                                                                      ],
                                                                      [
                                                                          121.904714,
                                                                          30.814007
                                                                      ],
                                                                      [
                                                                          121.943518,
                                                                          30.776993
                                                                      ],
                                                                      [
                                                                          121.970004,
                                                                          30.789333
                                                                      ],
                                                                      [
                                                                          121.954605,
                                                                          30.825828
                                                                      ],
                                                                      [
                                                                          121.994025,
                                                                          30.862823
                                                                      ],
                                                                      [
                                                                          121.990945,
                                                                          30.96859
                                                                      ],
                                                                      [
                                                                          121.977395,
                                                                          31.016301
                                                                      ],
                                                                      [
                                                                          121.946598,
                                                                          31.066039
                                                                      ],
                                                                      [
                                                                          121.809859,
                                                                          31.196669
                                                                      ],
                                                                      [
                                                                          121.722396,
                                                                          31.3036
                                                                      ],
                                                                      [
                                                                          121.599208,
                                                                          31.37465
                                                                      ],
                                                                      [
                                                                          121.520984,
                                                                          31.394575
                                                                      ],
                                                                      [
                                                                          121.404571,
                                                                          31.479337
                                                                      ],
                                                                      [
                                                                          121.343593,
                                                                          31.511996
                                                                      ],
                                                                      [
                                                                          121.301093,
                                                                          31.49873
                                                                      ],
                                                                      [
                                                                          121.301093,
                                                                          31.49873
                                                                      ],
                                                                      [
                                                                          121.247507,
                                                                          31.476785
                                                                      ],
                                                                      [
                                                                          121.241963,
                                                                          31.493117
                                                                      ],
                                                                      [
                                                                          121.174826,
                                                                          31.44922
                                                                      ],
                                                                      [
                                                                          121.143413,
                                                                          31.392021
                                                                      ],
                                                                      [
                                                                          121.113848,
                                                                          31.37465
                                                                      ],
                                                                      [
                                                                          121.130478,
                                                                          31.343987
                                                                      ],
                                                                      [
                                                                          121.142797,
                                                                          31.275472
                                                                      ],
                                                                      [
                                                                          121.090442,
                                                                          31.291838
                                                                      ],
                                                                      [
                                                                          121.060261,
                                                                          31.245289
                                                                      ],
                                                                      [
                                                                          121.076892,
                                                                          31.158267
                                                                      ],
                                                                      [
                                                                          121.018377,
                                                                          31.134194
                                                                      ],
                                                                      [
                                                                          120.930298,
                                                                          31.141365
                                                                      ],
                                                                      [
                                                                          120.881023,
                                                                          31.134706
                                                                      ],
                                                                      [
                                                                          120.859465,
                                                                          31.100379
                                                                      ],
                                                                      [
                                                                          120.890878,
                                                                          31.094229
                                                                      ],
                                                                      [
                                                                          120.901349,
                                                                          31.017327
                                                                      ]
                                                                  ]
                                                              ],
                                                              [
                                                                  [
                                                                      [
                                                                          121.974931,
                                                                          31.61704
                                                                      ],
                                                                      [
                                                                          121.715005,
                                                                          31.673592
                                                                      ],
                                                                      [
                                                                          121.64294,
                                                                          31.697527
                                                                      ],
                                                                      [
                                                                          121.599824,
                                                                          31.703128
                                                                      ],
                                                                      [
                                                                          121.49881,
                                                                          31.753012
                                                                      ],
                                                                      [
                                                                          121.431673,
                                                                          31.769295
                                                                      ],
                                                                      [
                                                                          121.384861,
                                                                          31.833382
                                                                      ],
                                                                      [
                                                                          121.323267,
                                                                          31.868458
                                                                      ],
                                                                      [
                                                                          121.265369,
                                                                          31.863883
                                                                      ],
                                                                      [
                                                                          121.200079,
                                                                          31.834907
                                                                      ],
                                                                      [
                                                                          121.118775,
                                                                          31.759119
                                                                      ],
                                                                      [
                                                                          121.145261,
                                                                          31.75403
                                                                      ],
                                                                      [
                                                                          121.289391,
                                                                          31.61653
                                                                      ],
                                                                      [
                                                                          121.371926,
                                                                          31.553314
                                                                      ],
                                                                      [
                                                                          121.395332,
                                                                          31.585437
                                                                      ],
                                                                      [
                                                                          121.434136,
                                                                          31.590535
                                                                      ],
                                                                      [
                                                                          121.547469,
                                                                          31.531382
                                                                      ],
                                                                      [
                                                                          121.625693,
                                                                          31.501792
                                                                      ],
                                                                      [
                                                                          121.682976,
                                                                          31.491075
                                                                      ],
                                                                      [
                                                                          121.819098,
                                                                          31.437987
                                                                      ],
                                                                      [
                                                                          121.890547,
                                                                          31.428795
                                                                      ],
                                                                      [
                                                                          121.981706,
                                                                          31.464024
                                                                      ],
                                                                      [
                                                                          121.995873,
                                                                          31.493117
                                                                      ],
                                                                      [
                                                                          121.974931,
                                                                          31.61704
                                                                      ]
                                                                  ]
                                                              ],
                                                              [
                                                                  [
                                                                      [
                                                                          121.795693,
                                                                          31.330186
                                                                      ],
                                                                      [
                                                                          121.792613,
                                                                          31.363408
                                                                      ],
                                                                      [
                                                                          121.742106,
                                                                          31.407345
                                                                      ],
                                                                      [
                                                                          121.585657,
                                                                          31.454836
                                                                      ],
                                                                      [
                                                                          121.567179,
                                                                          31.48342
                                                                      ],
                                                                      [
                                                                          121.520984,
                                                                          31.494137
                                                                      ],
                                                                      [
                                                                          121.509897,
                                                                          31.4824
                                                                      ],
                                                                      [
                                                                          121.572107,
                                                                          31.435944
                                                                      ],
                                                                      [
                                                                          121.727939,
                                                                          31.35472
                                                                      ],
                                                                      [
                                                                          121.76428,
                                                                          31.31536
                                                                      ],
                                                                      [
                                                                          121.785222,
                                                                          31.31127
                                                                      ],
                                                                      [
                                                                          121.795693,
                                                                          31.330186
                                                                      ]
                                                                  ]
                                                              ],
                                                              [
                                                                  [
                                                                      [
                                                                          121.801852,
                                                                          31.356765
                                                                      ],
                                                                      [
                                                                          121.8037,
                                                                          31.328652
                                                                      ],
                                                                      [
                                                                          121.840656,
                                                                          31.295418
                                                                      ],
                                                                      [
                                                                          121.932431,
                                                                          31.283144
                                                                      ],
                                                                      [
                                                                          122.016199,
                                                                          31.282121
                                                                      ],
                                                                      [
                                                                          122.097503,
                                                                          31.255522
                                                                      ],
                                                                      [
                                                                          122.122756,
                                                                          31.307179
                                                                      ],
                                                                      [
                                                                          122.116597,
                                                                          31.320984
                                                                      ],
                                                                      [
                                                                          122.040837,
                                                                          31.324051
                                                                      ],
                                                                      [
                                                                          121.951525,
                                                                          31.337343
                                                                      ],
                                                                      [
                                                                          121.845584,
                                                                          31.37465
                                                                      ],
                                                                      [
                                                                          121.792613,
                                                                          31.377715
                                                                      ],
                                                                      [
                                                                          121.801852,
                                                                          31.356765
                                                                      ]
                                                                  ]
                                                              ],
                                                              [
                                                                  [
                                                                      [
                                                                          121.626925,
                                                                          31.445135
                                                                      ],
                                                                      [
                                                                          121.631853,
                                                                          31.456878
                                                                      ],
                                                                      [
                                                                          121.579498,
                                                                          31.479848
                                                                      ],
                                                                      [
                                                                          121.626925,
                                                                          31.445135
                                                                      ]
                                                                  ]
                                                              ],
                                                              [
                                                                  [
                                                                      [
                                                                          121.943518,
                                                                          31.215608
                                                                      ],
                                                                      [
                                                                          121.959533,
                                                                          31.159291
                                                                      ],
                                                                      [
                                                                          121.995873,
                                                                          31.160828
                                                                      ],
                                                                      [
                                                                          122.008808,
                                                                          31.221238
                                                                      ],
                                                                      [
                                                                          121.950909,
                                                                          31.228915
                                                                      ],
                                                                      [
                                                                          121.943518,
                                                                          31.215608
                                                                      ]
                                                                  ]
                                                              ],
                                                              [
                                                                  [
                                                                      [
                                                                          121.88254,
                                                                          31.240684
                                                                      ],
                                                                      [
                                                                          121.909026,
                                                                          31.195133
                                                                      ],
                                                                      [
                                                                          121.923808,
                                                                          31.234032
                                                                      ],
                                                                      [
                                                                          121.88254,
                                                                          31.240684
                                                                      ]
                                                                  ]
                                                              ]
                                                          ]
                                      }
                     },
                     {
                         "type":  "Feature",
                         "properties":  {
                                            "adcode":  440000,
                                            "name":  "广东省",
                                            "center":  [
                                                           113.280637,
                                                           23.125178
                                                       ],
                                            "centroid":  [
                                                             113.429919,
                                                             23.334643
                                                         ],
                                            "childrenNum":  21,
                                            "level":  "province",
                                            "parent":  {
                                                           "adcode":  100000
                                                       },
                                            "subFeatureIndex":  18,
                                            "acroutes":  [
                                                             100000
                                                         ]
                                        },
                         "geometry":  {
                                          "type":  "MultiPolygon",
                                          "coordinates":  [
                                                              [
                                                                  [
                                                                      [
                                                                          113.558736,
                                                                          22.212244
                                                                      ],
                                                                      [
                                                                          113.594461,
                                                                          22.228864
                                                                      ],
                                                                      [
                                                                          113.595693,
                                                                          22.304186
                                                                      ],
                                                                      [
                                                                          113.617866,
                                                                          22.315259
                                                                      ],
                                                                      [
                                                                          113.604932,
                                                                          22.339617
                                                                      ],
                                                                      [
                                                                          113.627721,
                                                                          22.349027
                                                                      ],
                                                                      [
                                                                          113.669605,
                                                                          22.416539
                                                                      ],
                                                                      [
                                                                          113.66591,
                                                                          22.438667
                                                                      ],
                                                                      [
                                                                          113.624642,
                                                                          22.443092
                                                                      ],
                                                                      [
                                                                          113.608627,
                                                                          22.408793
                                                                      ],
                                                                      [
                                                                          113.573519,
                                                                          22.41156
                                                                      ],
                                                                      [
                                                                          113.631417,
                                                                          22.475723
                                                                      ],
                                                                      [
                                                                          113.668373,
                                                                          22.4807
                                                                      ],
                                                                      [
                                                                          113.691779,
                                                                          22.514981
                                                                      ],
                                                                      [
                                                                          113.740438,
                                                                          22.534329
                                                                      ],
                                                                      [
                                                                          113.717033,
                                                                          22.645391
                                                                      ],
                                                                      [
                                                                          113.678228,
                                                                          22.726007
                                                                      ],
                                                                      [
                                                                          113.733663,
                                                                          22.736494
                                                                      ],
                                                                      [
                                                                          113.758301,
                                                                          22.683496
                                                                      ],
                                                                      [
                                                                          113.765692,
                                                                          22.665825
                                                                      ],
                                                                      [
                                                                          113.803264,
                                                                          22.593463
                                                                      ],
                                                                      [
                                                                          113.856851,
                                                                          22.539857
                                                                      ],
                                                                      [
                                                                          113.869786,
                                                                          22.459685
                                                                      ],
                                                                      [
                                                                          113.893807,
                                                                          22.442539
                                                                      ],
                                                                      [
                                                                          113.952937,
                                                                          22.486783
                                                                      ],
                                                                      [
                                                                          113.954785,
                                                                          22.491206
                                                                      ],
                                                                      [
                                                                          113.976343,
                                                                          22.510558
                                                                      ],
                                                                      [
                                                                          114.031778,
                                                                          22.503923
                                                                      ],
                                                                      [
                                                                          114.082285,
                                                                          22.512216
                                                                      ],
                                                                      [
                                                                          114.095219,
                                                                          22.534329
                                                                      ],
                                                                      [
                                                                          114.156813,
                                                                          22.543726
                                                                      ],
                                                                      [
                                                                          114.166052,
                                                                          22.559201
                                                                      ],
                                                                      [
                                                                          114.222719,
                                                                          22.553122
                                                                      ],
                                                                      [
                                                                          114.232574,
                                                                          22.539857
                                                                      ],
                                                                      [
                                                                          114.294784,
                                                                          22.563623
                                                                      ],
                                                                      [
                                                                          114.321885,
                                                                          22.587385
                                                                      ],
                                                                      [
                                                                          114.381631,
                                                                          22.60175
                                                                      ],
                                                                      [
                                                                          114.427211,
                                                                          22.589042
                                                                      ],
                                                                      [
                                                                          114.472174,
                                                                          22.522168
                                                                      ],
                                                                      [
                                                                          114.476486,
                                                                          22.459132
                                                                      ],
                                                                      [
                                                                          114.506667,
                                                                          22.438667
                                                                      ],
                                                                      [
                                                                          114.549167,
                                                                          22.465769
                                                                      ],
                                                                      [
                                                                          114.611377,
                                                                          22.481806
                                                                      ],
                                                                      [
                                                                          114.628623,
                                                                          22.513875
                                                                      ],
                                                                      [
                                                                          114.614456,
                                                                          22.545384
                                                                      ],
                                                                      [
                                                                          114.568261,
                                                                          22.560859
                                                                      ],
                                                                      [
                                                                          114.559022,
                                                                          22.583517
                                                                      ],
                                                                      [
                                                                          114.603369,
                                                                          22.638763
                                                                      ],
                                                                      [
                                                                          114.579964,
                                                                          22.661407
                                                                      ],
                                                                      [
                                                                          114.51529,
                                                                          22.655332
                                                                      ],
                                                                      [
                                                                          114.567029,
                                                                          22.685705
                                                                      ],
                                                                      [
                                                                          114.591666,
                                                                          22.690122
                                                                      ],
                                                                      [
                                                                          114.601521,
                                                                          22.730975
                                                                      ],
                                                                      [
                                                                          114.689601,
                                                                          22.7674
                                                                      ],
                                                                      [
                                                                          114.709927,
                                                                          22.787817
                                                                      ],
                                                                      [
                                                                          114.749963,
                                                                          22.764089
                                                                      ],
                                                                      [
                                                                          114.73518,
                                                                          22.724351
                                                                      ],
                                                                      [
                                                                          114.728405,
                                                                          22.651466
                                                                      ],
                                                                      [
                                                                          114.743803,
                                                                          22.632687
                                                                      ],
                                                                      [
                                                                          114.746267,
                                                                          22.581859
                                                                      ],
                                                                      [
                                                                          114.866375,
                                                                          22.591805
                                                                      ],
                                                                      [
                                                                          114.88547,
                                                                          22.538751
                                                                      ],
                                                                      [
                                                                          114.922426,
                                                                          22.549253
                                                                      ],
                                                                      [
                                                                          114.927969,
                                                                          22.621639
                                                                      ],
                                                                      [
                                                                          114.945216,
                                                                          22.645391
                                                                      ],
                                                                      [
                                                                          115.039454,
                                                                          22.713862
                                                                      ],
                                                                      [
                                                                          115.02344,
                                                                          22.726007
                                                                      ],
                                                                      [
                                                                          115.053621,
                                                                          22.747533
                                                                      ],
                                                                      [
                                                                          115.076411,
                                                                          22.788368
                                                                      ],
                                                                      [
                                                                          115.154635,
                                                                          22.80161
                                                                      ],
                                                                      [
                                                                          115.190975,
                                                                          22.77347
                                                                      ],
                                                                      [
                                                                          115.190359,
                                                                          22.818711
                                                                      ],
                                                                      [
                                                                          115.236555,
                                                                          22.82533
                                                                      ],
                                                                      [
                                                                          115.230396,
                                                                          22.776781
                                                                      ],
                                                                      [
                                                                          115.319091,
                                                                          22.783402
                                                                      ],
                                                                      [
                                                                          115.338185,
                                                                          22.776781
                                                                      ],
                                                                      [
                                                                          115.349272,
                                                                          22.712206
                                                                      ],
                                                                      [
                                                                          115.381301,
                                                                          22.684048
                                                                      ],
                                                                      [
                                                                          115.430576,
                                                                          22.684048
                                                                      ],
                                                                      [
                                                                          115.471844,
                                                                          22.697852
                                                                      ],
                                                                      [
                                                                          115.575322,
                                                                          22.650914
                                                                      ],
                                                                      [
                                                                          115.565467,
                                                                          22.684048
                                                                      ],
                                                                      [
                                                                          115.609198,
                                                                          22.753052
                                                                      ],
                                                                      [
                                                                          115.541445,
                                                                          22.755259
                                                                      ],
                                                                      [
                                                                          115.570394,
                                                                          22.786713
                                                                      ],
                                                                      [
                                                                          115.583945,
                                                                          22.82864
                                                                      ],
                                                                      [
                                                                          115.654162,
                                                                          22.865591
                                                                      ],
                                                                      [
                                                                          115.696046,
                                                                          22.84298
                                                                      ],
                                                                      [
                                                                          115.760103,
                                                                          22.834707
                                                                      ],
                                                                      [
                                                                          115.788437,
                                                                          22.809885
                                                                      ],
                                                                      [
                                                                          115.796444,
                                                                          22.739254
                                                                      ],
                                                                      [
                                                                          115.829089,
                                                                          22.734838
                                                                      ],
                                                                      [
                                                                          115.883291,
                                                                          22.78561
                                                                      ],
                                                                      [
                                                                          115.931334,
                                                                          22.802713
                                                                      ],
                                                                      [
                                                                          115.965211,
                                                                          22.800506
                                                                      ],
                                                                      [
                                                                          115.99724,
                                                                          22.826985
                                                                      ],
                                                                      [
                                                                          116.05637,
                                                                          22.844635
                                                                      ],
                                                                      [
                                                                          116.104413,
                                                                          22.816505
                                                                      ],
                                                                      [
                                                                          116.14137,
                                                                          22.835259
                                                                      ],
                                                                      [
                                                                          116.239304,
                                                                          22.921275
                                                                      ],
                                                                      [
                                                                          116.259014,
                                                                          22.932298
                                                                      ],
                                                                      [
                                                                          116.302746,
                                                                          22.951588
                                                                      ],
                                                                      [
                                                                          116.382818,
                                                                          22.91907
                                                                      ],
                                                                      [
                                                                          116.449955,
                                                                          22.936707
                                                                      ],
                                                                      [
                                                                          116.50539,
                                                                          22.930645
                                                                      ],
                                                                      [
                                                                          116.544194,
                                                                          22.996769
                                                                      ],
                                                                      [
                                                                          116.576839,
                                                                          23.014397
                                                                      ],
                                                                      [
                                                                          116.557129,
                                                                          23.056253
                                                                      ],
                                                                      [
                                                                          116.566368,
                                                                          23.088738
                                                                      ],
                                                                      [
                                                                          116.550969,
                                                                          23.109656
                                                                      ],
                                                                      [
                                                                          116.566368,
                                                                          23.134424
                                                                      ],
                                                                      [
                                                                          116.665534,
                                                                          23.158086
                                                                      ],
                                                                      [
                                                                          116.701259,
                                                                          23.198248
                                                                      ],
                                                                      [
                                                                          116.74499,
                                                                          23.215299
                                                                      ],
                                                                      [
                                                                          116.806584,
                                                                          23.200998
                                                                      ],
                                                                      [
                                                                          116.821367,
                                                                          23.240597
                                                                      ],
                                                                      [
                                                                          116.798577,
                                                                          23.244996
                                                                      ],
                                                                      [
                                                                          116.782563,
                                                                          23.313714
                                                                      ],
                                                                      [
                                                                          116.871874,
                                                                          23.4159
                                                                      ],
                                                                      [
                                                                          116.871258,
                                                                          23.416449
                                                                      ],
                                                                      [
                                                                          116.874338,
                                                                          23.447199
                                                                      ],
                                                                      [
                                                                          116.874953,
                                                                          23.447748
                                                                      ],
                                                                      [
                                                                          116.895895,
                                                                          23.476295
                                                                      ],
                                                                      [
                                                                          116.888504,
                                                                          23.501543
                                                                      ],
                                                                      [
                                                                          116.92854,
                                                                          23.530079
                                                                      ],
                                                                      [
                                                                          116.963649,
                                                                          23.507031
                                                                      ],
                                                                      [
                                                                          117.01046,
                                                                          23.502641
                                                                      ],
                                                                      [
                                                                          117.044953,
                                                                          23.539955
                                                                      ],
                                                                      [
                                                                          117.085605,
                                                                          23.536663
                                                                      ],
                                                                      [
                                                                          117.192778,
                                                                          23.5619
                                                                      ],
                                                                      [
                                                                          117.192778,
                                                                          23.629356
                                                                      ],
                                                                      [
                                                                          117.147199,
                                                                          23.654027
                                                                      ],
                                                                      [
                                                                          117.123793,
                                                                          23.647448
                                                                      ],
                                                                      [
                                                                          117.055424,
                                                                          23.694038
                                                                      ],
                                                                      [
                                                                          117.048032,
                                                                          23.758687
                                                                      ],
                                                                      [
                                                                          117.019083,
                                                                          23.801952
                                                                      ],
                                                                      [
                                                                          117.012308,
                                                                          23.855054
                                                                      ],
                                                                      [
                                                                          116.981511,
                                                                          23.855602
                                                                      ],
                                                                      [
                                                                          116.955642,
                                                                          23.922359
                                                                      ],
                                                                      [
                                                                          116.976583,
                                                                          23.931659
                                                                      ],
                                                                      [
                                                                          116.981511,
                                                                          23.999471
                                                                      ],
                                                                      [
                                                                          116.953178,
                                                                          24.008218
                                                                      ],
                                                                      [
                                                                          116.930388,
                                                                          24.064514
                                                                      ],
                                                                      [
                                                                          116.9347,
                                                                          24.126794
                                                                      ],
                                                                      [
                                                                          116.998757,
                                                                          24.179217
                                                                      ],
                                                                      [
                                                                          116.956257,
                                                                          24.216883
                                                                      ],
                                                                      [
                                                                          116.933468,
                                                                          24.220157
                                                                      ],
                                                                      [
                                                                          116.938395,
                                                                          24.28127
                                                                      ],
                                                                      [
                                                                          116.914374,
                                                                          24.287817
                                                                      ],
                                                                      [
                                                                          116.919301,
                                                                          24.321087
                                                                      ],
                                                                      [
                                                                          116.895895,
                                                                          24.350533
                                                                      ],
                                                                      [
                                                                          116.903903,
                                                                          24.369614
                                                                      ],
                                                                      [
                                                                          116.839229,
                                                                          24.442097
                                                                      ],
                                                                      [
                                                                          116.860787,
                                                                          24.460075
                                                                      ],
                                                                      [
                                                                          116.83307,
                                                                          24.496568
                                                                      ],
                                                                      [
                                                                          116.796729,
                                                                          24.502014
                                                                      ],
                                                                      [
                                                                          116.759157,
                                                                          24.545572
                                                                      ],
                                                                      [
                                                                          116.761005,
                                                                          24.583128
                                                                      ],
                                                                      [
                                                                          116.815207,
                                                                          24.654944
                                                                      ],
                                                                      [
                                                                          116.777635,
                                                                          24.679418
                                                                      ],
                                                                      [
                                                                          116.667382,
                                                                          24.658752
                                                                      ],
                                                                      [
                                                                          116.623034,
                                                                          24.64189
                                                                      ],
                                                                      [
                                                                          116.600861,
                                                                          24.654401
                                                                      ],
                                                                      [
                                                                          116.570679,
                                                                          24.621762
                                                                      ],
                                                                      [
                                                                          116.530027,
                                                                          24.604895
                                                                      ],
                                                                      [
                                                                          116.506622,
                                                                          24.621218
                                                                      ],
                                                                      [
                                                                          116.517709,
                                                                          24.652225
                                                                      ],
                                                                      [
                                                                          116.485064,
                                                                          24.720196
                                                                      ],
                                                                      [
                                                                          116.44626,
                                                                          24.714216
                                                                      ],
                                                                      [
                                                                          116.416079,
                                                                          24.744113
                                                                      ],
                                                                      [
                                                                          116.419158,
                                                                          24.767482
                                                                      ],
                                                                      [
                                                                          116.375427,
                                                                          24.803885
                                                                      ],
                                                                      [
                                                                          116.381586,
                                                                          24.82507
                                                                      ],
                                                                      [
                                                                          116.417927,
                                                                          24.840821
                                                                      ],
                                                                      [
                                                                          116.395137,
                                                                          24.877746
                                                                      ],
                                                                      [
                                                                          116.363724,
                                                                          24.87123
                                                                      ],
                                                                      [
                                                                          116.345862,
                                                                          24.828872
                                                                      ],
                                                                      [
                                                                          116.297202,
                                                                          24.801712
                                                                      ],
                                                                      [
                                                                          116.244232,
                                                                          24.793563
                                                                      ],
                                                                      [
                                                                          116.251007,
                                                                          24.82507
                                                                      ],
                                                                      [
                                                                          116.221442,
                                                                          24.829959
                                                                      ],
                                                                      [
                                                                          116.191877,
                                                                          24.877203
                                                                      ],
                                                                      [
                                                                          116.153073,
                                                                          24.846795
                                                                      ],
                                                                      [
                                                                          116.068073,
                                                                          24.850053
                                                                      ],
                                                                      [
                                                                          116.015102,
                                                                          24.905975
                                                                      ],
                                                                      [
                                                                          115.985537,
                                                                          24.899461
                                                                      ],
                                                                      [
                                                                          115.907929,
                                                                          24.923343
                                                                      ],
                                                                      [
                                                                          115.89253,
                                                                          24.936911
                                                                      ],
                                                                      [
                                                                          115.885139,
                                                                          24.898918
                                                                      ],
                                                                      [
                                                                          115.907313,
                                                                          24.879917
                                                                      ],
                                                                      [
                                                                          115.861733,
                                                                          24.863629
                                                                      ],
                                                                      [
                                                                          115.863581,
                                                                          24.891318
                                                                      ],
                                                                      [
                                                                          115.824161,
                                                                          24.909232
                                                                      ],
                                                                      [
                                                                          115.807531,
                                                                          24.862543
                                                                      ],
                                                                      [
                                                                          115.790284,
                                                                          24.856027
                                                                      ],
                                                                      [
                                                                          115.764415,
                                                                          24.791933
                                                                      ],
                                                                      [
                                                                          115.776734,
                                                                          24.774546
                                                                      ],
                                                                      [
                                                                          115.756408,
                                                                          24.749004
                                                                      ],
                                                                      [
                                                                          115.769342,
                                                                          24.708236
                                                                      ],
                                                                      [
                                                                          115.801371,
                                                                          24.705517
                                                                      ],
                                                                      [
                                                                          115.780429,
                                                                          24.663103
                                                                      ],
                                                                      [
                                                                          115.797676,
                                                                          24.628834
                                                                      ],
                                                                      [
                                                                          115.840791,
                                                                          24.584217
                                                                      ],
                                                                      [
                                                                          115.843871,
                                                                          24.562446
                                                                      ],
                                                                      [
                                                                          115.785357,
                                                                          24.567345
                                                                      ],
                                                                      [
                                                                          115.752712,
                                                                          24.546116
                                                                      ],
                                                                      [
                                                                          115.68927,
                                                                          24.545027
                                                                      ],
                                                                      [
                                                                          115.671408,
                                                                          24.604895
                                                                      ],
                                                                      [
                                                                          115.605503,
                                                                          24.62557
                                                                      ],
                                                                      [
                                                                          115.569778,
                                                                          24.622306
                                                                      ],
                                                                      [
                                                                          115.555611,
                                                                          24.683768
                                                                      ],
                                                                      [
                                                                          115.522967,
                                                                          24.702799
                                                                      ],
                                                                      [
                                                                          115.476771,
                                                                          24.762591
                                                                      ],
                                                                      [
                                                                          115.412714,
                                                                          24.79302
                                                                      ],
                                                                      [
                                                                          115.372678,
                                                                          24.774546
                                                                      ],
                                                                      [
                                                                          115.358511,
                                                                          24.735416
                                                                      ],
                                                                      [
                                                                          115.306772,
                                                                          24.758787
                                                                      ],
                                                                      [
                                                                          115.269816,
                                                                          24.749548
                                                                      ],
                                                                      [
                                                                          115.258729,
                                                                          24.728894
                                                                      ],
                                                                      [
                                                                          115.1842,
                                                                          24.711498
                                                                      ],
                                                                      [
                                                                          115.104744,
                                                                          24.667997
                                                                      ],
                                                                      [
                                                                          115.083802,
                                                                          24.699537
                                                                      ],
                                                                      [
                                                                          115.057317,
                                                                          24.703343
                                                                      ],
                                                                      [
                                                                          115.024672,
                                                                          24.669085
                                                                      ],
                                                                      [
                                                                          115.00373,
                                                                          24.679418
                                                                      ],
                                                                      [
                                                                          114.940288,
                                                                          24.650049
                                                                      ],
                                                                      [
                                                                          114.909491,
                                                                          24.661471
                                                                      ],
                                                                      [
                                                                          114.893477,
                                                                          24.582584
                                                                      ],
                                                                      [
                                                                          114.868839,
                                                                          24.562446
                                                                      ],
                                                                      [
                                                                          114.846665,
                                                                          24.602719
                                                                      ],
                                                                      [
                                                                          114.827571,
                                                                          24.588026
                                                                      ],
                                                                      [
                                                                          114.781376,
                                                                          24.613057
                                                                      ],
                                                                      [
                                                                          114.729637,
                                                                          24.608704
                                                                      ],
                                                                      [
                                                                          114.73826,
                                                                          24.565168
                                                                      ],
                                                                      [
                                                                          114.704999,
                                                                          24.525973
                                                                      ],
                                                                      [
                                                                          114.664963,
                                                                          24.583673
                                                                      ],
                                                                      [
                                                                          114.627391,
                                                                          24.576598
                                                                      ],
                                                                      [
                                                                          114.589819,
                                                                          24.537406
                                                                      ],
                                                                      [
                                                                          114.534384,
                                                                          24.559181
                                                                      ],
                                                                      [
                                                                          114.429058,
                                                                          24.48622
                                                                      ],
                                                                      [
                                                                          114.403189,
                                                                          24.497657
                                                                      ],
                                                                      [
                                                                          114.391486,
                                                                          24.563535
                                                                      ],
                                                                      [
                                                                          114.363769,
                                                                          24.582584
                                                                      ],
                                                                      [
                                                                          114.300943,
                                                                          24.578775
                                                                      ],
                                                                      [
                                                                          114.289856,
                                                                          24.619042
                                                                      ],
                                                                      [
                                                                          114.258443,
                                                                          24.641346
                                                                      ],
                                                                      [
                                                                          114.19069,
                                                                          24.656576
                                                                      ],
                                                                      [
                                                                          114.169132,
                                                                          24.689749
                                                                      ],
                                                                      [
                                                                          114.27261,
                                                                          24.700624
                                                                      ],
                                                                      [
                                                                          114.281849,
                                                                          24.724001
                                                                      ],
                                                                      [
                                                                          114.336052,
                                                                          24.749004
                                                                      ],
                                                                      [
                                                                          114.342211,
                                                                          24.807145
                                                                      ],
                                                                      [
                                                                          114.378551,
                                                                          24.861457
                                                                      ],
                                                                      [
                                                                          114.403189,
                                                                          24.877746
                                                                      ],
                                                                      [
                                                                          114.395798,
                                                                          24.951019
                                                                      ],
                                                                      [
                                                                          114.454928,
                                                                          24.977062
                                                                      ],
                                                                      [
                                                                          114.45616,
                                                                          24.99659
                                                                      ],
                                                                      [
                                                                          114.506051,
                                                                          24.999844
                                                                      ],
                                                                      [
                                                                          114.532536,
                                                                          25.022623
                                                                      ],
                                                                      [
                                                                          114.561485,
                                                                          25.077382
                                                                      ],
                                                                      [
                                                                          114.604601,
                                                                          25.083886
                                                                      ],
                                                                      [
                                                                          114.640326,
                                                                          25.074129
                                                                      ],
                                                                      [
                                                                          114.664963,
                                                                          25.10123
                                                                      ],
                                                                      [
                                                                          114.735796,
                                                                          25.121822
                                                                      ],
                                                                      [
                                                                          114.73518,
                                                                          25.155954
                                                                      ],
                                                                      [
                                                                          114.685905,
                                                                          25.173287
                                                                      ],
                                                                      [
                                                                          114.693912,
                                                                          25.213902
                                                                      ],
                                                                      [
                                                                          114.73518,
                                                                          25.225813
                                                                      ],
                                                                      [
                                                                          114.743188,
                                                                          25.274528
                                                                      ],
                                                                      [
                                                                          114.714238,
                                                                          25.315651
                                                                      ],
                                                                      [
                                                                          114.63663,
                                                                          25.324306
                                                                      ],
                                                                      [
                                                                          114.599674,
                                                                          25.385959
                                                                      ],
                                                                      [
                                                                          114.541159,
                                                                          25.416773
                                                                      ],
                                                                      [
                                                                          114.477718,
                                                                          25.37136
                                                                      ],
                                                                      [
                                                                          114.438914,
                                                                          25.376226
                                                                      ],
                                                                      [
                                                                          114.43029,
                                                                          25.343779
                                                                      ],
                                                                      [
                                                                          114.382863,
                                                                          25.317274
                                                                      ],
                                                                      [
                                                                          114.31511,
                                                                          25.33837
                                                                      ],
                                                                      [
                                                                          114.2954,
                                                                          25.299961
                                                                      ],
                                                                      [
                                                                          114.260291,
                                                                          25.291845
                                                                      ],
                                                                      [
                                                                          114.204857,
                                                                          25.29942
                                                                      ],
                                                                      [
                                                                          114.190074,
                                                                          25.316733
                                                                      ],
                                                                      [
                                                                          114.115545,
                                                                          25.302125
                                                                      ],
                                                                      [
                                                                          114.083517,
                                                                          25.275611
                                                                      ],
                                                                      [
                                                                          114.055799,
                                                                          25.277775
                                                                      ],
                                                                      [
                                                                          114.039785,
                                                                          25.250714
                                                                      ],
                                                                      [
                                                                          114.017611,
                                                                          25.273987
                                                                      ],
                                                                      [
                                                                          114.029314,
                                                                          25.328093
                                                                      ],
                                                                      [
                                                                          114.050256,
                                                                          25.36433
                                                                      ],
                                                                      [
                                                                          113.983118,
                                                                          25.415152
                                                                      ],
                                                                      [
                                                                          114.003444,
                                                                          25.442716
                                                                      ],
                                                                      [
                                                                          113.94493,
                                                                          25.441635
                                                                      ],
                                                                      [
                                                                          113.887032,
                                                                          25.436772
                                                                      ],
                                                                      [
                                                                          113.877177,
                                                                          25.380552
                                                                      ],
                                                                      [
                                                                          113.839605,
                                                                          25.363248
                                                                      ],
                                                                      [
                                                                          113.814967,
                                                                          25.328634
                                                                      ],
                                                                      [
                                                                          113.76446,
                                                                          25.333502
                                                                      ],
                                                                      [
                                                                          113.753373,
                                                                          25.362707
                                                                      ],
                                                                      [
                                                                          113.686852,
                                                                          25.351891
                                                                      ],
                                                                      [
                                                                          113.680076,
                                                                          25.334584
                                                                      ],
                                                                      [
                                                                          113.611707,
                                                                          25.327552
                                                                      ],
                                                                      [
                                                                          113.584606,
                                                                          25.306453
                                                                      ],
                                                                      [
                                                                          113.579062,
                                                                          25.34432
                                                                      ],
                                                                      [
                                                                          113.535946,
                                                                          25.368656
                                                                      ],
                                                                      [
                                                                          113.479896,
                                                                          25.375145
                                                                      ],
                                                                      [
                                                                          113.449715,
                                                                          25.359463
                                                                      ],
                                                                      [
                                                                          113.407215,
                                                                          25.401637
                                                                      ],
                                                                      [
                                                                          113.373338,
                                                                          25.402719
                                                                      ],
                                                                      [
                                                                          113.341926,
                                                                          25.448661
                                                                      ],
                                                                      [
                                                                          113.314208,
                                                                          25.442716
                                                                      ],
                                                                      [
                                                                          113.311129,
                                                                          25.490264
                                                                      ],
                                                                      [
                                                                          113.248919,
                                                                          25.514031
                                                                      ],
                                                                      [
                                                                          113.226129,
                                                                          25.50971
                                                                      ],
                                                                      [
                                                                          113.176854,
                                                                          25.471355
                                                                      ],
                                                                      [
                                                                          113.11834,
                                                                          25.445418
                                                                      ],
                                                                      [
                                                                          113.131274,
                                                                          25.414611
                                                                      ],
                                                                      [
                                                                          113.096782,
                                                                          25.412449
                                                                      ],
                                                                      [
                                                                          113.078304,
                                                                          25.382174
                                                                      ],
                                                                      [
                                                                          113.013014,
                                                                          25.352432
                                                                      ],
                                                                      [
                                                                          112.969898,
                                                                          25.350269
                                                                      ],
                                                                      [
                                                                          112.93479,
                                                                          25.325929
                                                                      ],
                                                                      [
                                                                          112.924319,
                                                                          25.296714
                                                                      ],
                                                                      [
                                                                          112.891058,
                                                                          25.339993
                                                                      ],
                                                                      [
                                                                          112.854718,
                                                                          25.337829
                                                                      ],
                                                                      [
                                                                          112.867036,
                                                                          25.249632
                                                                      ],
                                                                      [
                                                                          112.897833,
                                                                          25.238264
                                                                      ],
                                                                      [
                                                                          112.958195,
                                                                          25.254503
                                                                      ],
                                                                      [
                                                                          112.992688,
                                                                          25.247467
                                                                      ],
                                                                      [
                                                                          113.034572,
                                                                          25.198199
                                                                      ],
                                                                      [
                                                                          112.97421,
                                                                          25.168412
                                                                      ],
                                                                      [
                                                                          112.96805,
                                                                          25.141869
                                                                      ],
                                                                      [
                                                                          113.004391,
                                                                          25.089306
                                                                      ],
                                                                      [
                                                                          112.979137,
                                                                          25.03401
                                                                      ],
                                                                      [
                                                                          113.009934,
                                                                          24.977604
                                                                      ],
                                                                      [
                                                                          112.994536,
                                                                          24.927142
                                                                      ],
                                                                      [
                                                                          112.941565,
                                                                          24.915745
                                                                      ],
                                                                      [
                                                                          112.904609,
                                                                          24.921715
                                                                      ],
                                                                      [
                                                                          112.873812,
                                                                          24.896747
                                                                      ],
                                                                      [
                                                                          112.780805,
                                                                          24.896747
                                                                      ],
                                                                      [
                                                                          112.778341,
                                                                          24.947764
                                                                      ],
                                                                      [
                                                                          112.743233,
                                                                          24.959701
                                                                      ],
                                                                      [
                                                                          112.742001,
                                                                          24.99876
                                                                      ],
                                                                      [
                                                                          112.714899,
                                                                          25.025876
                                                                      ],
                                                                      [
                                                                          112.712436,
                                                                          25.083344
                                                                      ],
                                                                      [
                                                                          112.660081,
                                                                          25.132658
                                                                      ],
                                                                      [
                                                                          112.628052,
                                                                          25.140785
                                                                      ],
                                                                      [
                                                                          112.562762,
                                                                          25.124531
                                                                      ],
                                                                      [
                                                                          112.458053,
                                                                          25.152162
                                                                      ],
                                                                      [
                                                                          112.44327,
                                                                          25.185744
                                                                      ],
                                                                      [
                                                                          112.414937,
                                                                          25.14241
                                                                      ],
                                                                      [
                                                                          112.365046,
                                                                          25.191701
                                                                      ],
                                                                      [
                                                                          112.315771,
                                                                          25.175453
                                                                      ],
                                                                      [
                                                                          112.302836,
                                                                          25.157037
                                                                      ],
                                                                      [
                                                                          112.256025,
                                                                          25.159204
                                                                      ],
                                                                      [
                                                                          112.246785,
                                                                          25.185202
                                                                      ],
                                                                      [
                                                                          112.187039,
                                                                          25.182494
                                                                      ],
                                                                      [
                                                                          112.177184,
                                                                          25.106649
                                                                      ],
                                                                      [
                                                                          112.151931,
                                                                          25.055698
                                                                      ],
                                                                      [
                                                                          112.155626,
                                                                          25.026419
                                                                      ],
                                                                      [
                                                                          112.12175,
                                                                          24.989538
                                                                      ],
                                                                      [
                                                                          112.119902,
                                                                          24.963499
                                                                      ],
                                                                      [
                                                                          112.175337,
                                                                          24.927685
                                                                      ],
                                                                      [
                                                                          112.167329,
                                                                          24.859828
                                                                      ],
                                                                      [
                                                                          112.149467,
                                                                          24.837019
                                                                      ],
                                                                      [
                                                                          112.124214,
                                                                          24.841364
                                                                      ],
                                                                      [
                                                                          112.03367,
                                                                          24.771286
                                                                      ],
                                                                      [
                                                                          112.024431,
                                                                          24.740308
                                                                      ],
                                                                      [
                                                                          111.961606,
                                                                          24.721283
                                                                      ],
                                                                      [
                                                                          111.939432,
                                                                          24.686487
                                                                      ],
                                                                      [
                                                                          111.953598,
                                                                          24.64733
                                                                      ],
                                                                      [
                                                                          111.927729,
                                                                          24.629378
                                                                      ],
                                                                      [
                                                                          111.936968,
                                                                          24.595645
                                                                      ],
                                                                      [
                                                                          111.972077,
                                                                          24.578775
                                                                      ],
                                                                      [
                                                                          112.007185,
                                                                          24.534684
                                                                      ],
                                                                      [
                                                                          112.009649,
                                                                          24.503103
                                                                      ],
                                                                      [
                                                                          111.985011,
                                                                          24.467701
                                                                      ],
                                                                      [
                                                                          112.025047,
                                                                          24.438828
                                                                      ],
                                                                      [
                                                                          112.057692,
                                                                          24.387057
                                                                      ],
                                                                      [
                                                                          112.05954,
                                                                          24.339628
                                                                      ],
                                                                      [
                                                                          112.026279,
                                                                          24.294908
                                                                      ],
                                                                      [
                                                                          111.990555,
                                                                          24.279634
                                                                      ],
                                                                      [
                                                                          111.986243,
                                                                          24.25672
                                                                      ],
                                                                      [
                                                                          111.958526,
                                                                          24.263813
                                                                      ],
                                                                      [
                                                                          111.912946,
                                                                          24.221795
                                                                      ],
                                                                      [
                                                                          111.877222,
                                                                          24.227252
                                                                      ],
                                                                      [
                                                                          111.871062,
                                                                          24.176487
                                                                      ],
                                                                      [
                                                                          111.886461,
                                                                          24.163929
                                                                      ],
                                                                      [
                                                                          111.878454,
                                                                          24.109862
                                                                      ],
                                                                      [
                                                                          111.92157,
                                                                          24.012045
                                                                      ],
                                                                      [
                                                                          111.940664,
                                                                          23.987989
                                                                      ],
                                                                      [
                                                                          111.911714,
                                                                          23.943693
                                                                      ],
                                                                      [
                                                                          111.854432,
                                                                          23.947521
                                                                      ],
                                                                      [
                                                                          111.845809,
                                                                          23.904305
                                                                      ],
                                                                      [
                                                                          111.812548,
                                                                          23.887343
                                                                      ],
                                                                      [
                                                                          111.824867,
                                                                          23.832612
                                                                      ],
                                                                      [
                                                                          111.8107,
                                                                          23.80688
                                                                      ],
                                                                      [
                                                                          111.722621,
                                                                          23.823305
                                                                      ],
                                                                      [
                                                                          111.683201,
                                                                          23.822758
                                                                      ],
                                                                      [
                                                                          111.683201,
                                                                          23.822758
                                                                      ],
                                                                      [
                                                                          111.654868,
                                                                          23.833159
                                                                      ],
                                                                      [
                                                                          111.627766,
                                                                          23.78881
                                                                      ],
                                                                      [
                                                                          111.621607,
                                                                          23.725819
                                                                      ],
                                                                      [
                                                                          111.666571,
                                                                          23.718696
                                                                      ],
                                                                      [
                                                                          111.614832,
                                                                          23.65896
                                                                      ],
                                                                      [
                                                                          111.615448,
                                                                          23.639225
                                                                      ],
                                                                      [
                                                                          111.555702,
                                                                          23.64087
                                                                      ],
                                                                      [
                                                                          111.487332,
                                                                          23.626615
                                                                      ],
                                                                      [
                                                                          111.479941,
                                                                          23.532822
                                                                      ],
                                                                      [
                                                                          111.428818,
                                                                          23.466414
                                                                      ],
                                                                      [
                                                                          111.399869,
                                                                          23.469159
                                                                      ],
                                                                      [
                                                                          111.383239,
                                                                          23.399423
                                                                      ],
                                                                      [
                                                                          111.389398,
                                                                          23.375804
                                                                      ],
                                                                      [
                                                                          111.363528,
                                                                          23.340641
                                                                      ],
                                                                      [
                                                                          111.376463,
                                                                          23.30437
                                                                      ],
                                                                      [
                                                                          111.353058,
                                                                          23.284582
                                                                      ],
                                                                      [
                                                                          111.36476,
                                                                          23.240047
                                                                      ],
                                                                      [
                                                                          111.388782,
                                                                          23.210349
                                                                      ],
                                                                      [
                                                                          111.38447,
                                                                          23.16744
                                                                      ],
                                                                      [
                                                                          111.365992,
                                                                          23.14488
                                                                      ],
                                                                      [
                                                                          111.377695,
                                                                          23.082132
                                                                      ],
                                                                      [
                                                                          111.402333,
                                                                          23.066165
                                                                      ],
                                                                      [
                                                                          111.43313,
                                                                          23.073322
                                                                      ],
                                                                      [
                                                                          111.433746,
                                                                          23.036428
                                                                      ],
                                                                      [
                                                                          111.389398,
                                                                          23.005583
                                                                      ],
                                                                      [
                                                                          111.403565,
                                                                          22.99126
                                                                      ],
                                                                      [
                                                                          111.362913,
                                                                          22.967568
                                                                      ],
                                                                      [
                                                                          111.374615,
                                                                          22.938361
                                                                      ],
                                                                      [
                                                                          111.358601,
                                                                          22.889301
                                                                      ],
                                                                      [
                                                                          111.218167,
                                                                          22.748085
                                                                      ],
                                                                      [
                                                                          111.185522,
                                                                          22.735942
                                                                      ],
                                                                      [
                                                                          111.118385,
                                                                          22.744773
                                                                      ],
                                                                      [
                                                                          111.058023,
                                                                          22.729871
                                                                      ],
                                                                      [
                                                                          111.089435,
                                                                          22.695643
                                                                      ],
                                                                      [
                                                                          111.055559,
                                                                          22.648705
                                                                      ],
                                                                      [
                                                                          110.997045,
                                                                          22.631582
                                                                      ],
                                                                      [
                                                                          110.958856,
                                                                          22.636553
                                                                      ],
                                                                      [
                                                                          110.950233,
                                                                          22.61059
                                                                      ],
                                                                      [
                                                                          110.896031,
                                                                          22.613352
                                                                      ],
                                                                      [
                                                                          110.897878,
                                                                          22.591805
                                                                      ],
                                                                      [
                                                                          110.812263,
                                                                          22.576333
                                                                      ],
                                                                      [
                                                                          110.778386,
                                                                          22.585174
                                                                      ],
                                                                      [
                                                                          110.749437,
                                                                          22.556991
                                                                      ],
                                                                      [
                                                                          110.762988,
                                                                          22.518298
                                                                      ],
                                                                      [
                                                                          110.740198,
                                                                          22.498947
                                                                      ],
                                                                      [
                                                                          110.74143,
                                                                          22.464109
                                                                      ],
                                                                      [
                                                                          110.688459,
                                                                          22.477935
                                                                      ],
                                                                      [
                                                                          110.712481,
                                                                          22.440879
                                                                      ],
                                                                      [
                                                                          110.711249,
                                                                          22.369506
                                                                      ],
                                                                      [
                                                                          110.74143,
                                                                          22.361757
                                                                      ],
                                                                      [
                                                                          110.749437,
                                                                          22.329653
                                                                      ],
                                                                      [
                                                                          110.787009,
                                                                          22.28259
                                                                      ],
                                                                      [
                                                                          110.759292,
                                                                          22.274837
                                                                      ],
                                                                      [
                                                                          110.725415,
                                                                          22.29588
                                                                      ],
                                                                      [
                                                                          110.687843,
                                                                          22.249914
                                                                      ],
                                                                      [
                                                                          110.646575,
                                                                          22.220554
                                                                      ],
                                                                      [
                                                                          110.678604,
                                                                          22.172901
                                                                      ],
                                                                      [
                                                                          110.629329,
                                                                          22.149068
                                                                      ],
                                                                      [
                                                                          110.598532,
                                                                          22.162924
                                                                      ],
                                                                      [
                                                                          110.602843,
                                                                          22.18343
                                                                      ],
                                                                      [
                                                                          110.55788,
                                                                          22.196175
                                                                      ],
                                                                      [
                                                                          110.505525,
                                                                          22.14297
                                                                      ],
                                                                      [
                                                                          110.456866,
                                                                          22.189526
                                                                      ],
                                                                      [
                                                                          110.414366,
                                                                          22.208365
                                                                      ],
                                                                      [
                                                                          110.378026,
                                                                          22.164587
                                                                      ],
                                                                      [
                                                                          110.34846,
                                                                          22.195621
                                                                      ],
                                                                      [
                                                                          110.326287,
                                                                          22.152393
                                                                      ],
                                                                      [
                                                                          110.364475,
                                                                          22.125785
                                                                      ],
                                                                      [
                                                                          110.35154,
                                                                          22.097508
                                                                      ],
                                                                      [
                                                                          110.359547,
                                                                          22.015973
                                                                      ],
                                                                      [
                                                                          110.352772,
                                                                          21.97602
                                                                      ],
                                                                      [
                                                                          110.374946,
                                                                          21.967695
                                                                      ],
                                                                      [
                                                                          110.374946,
                                                                          21.967695
                                                                      ],
                                                                      [
                                                                          110.378642,
                                                                          21.939942
                                                                      ],
                                                                      [
                                                                          110.378642,
                                                                          21.939942
                                                                      ],
                                                                      [
                                                                          110.391576,
                                                                          21.89386
                                                                      ],
                                                                      [
                                                                          110.337374,
                                                                          21.887751
                                                                      ],
                                                                      [
                                                                          110.290562,
                                                                          21.917736
                                                                      ],
                                                                      [
                                                                          110.283787,
                                                                          21.892194
                                                                      ],
                                                                      [
                                                                          110.224041,
                                                                          21.882198
                                                                      ],
                                                                      [
                                                                          110.224041,
                                                                          21.882198
                                                                      ],
                                                                      [
                                                                          110.212338,
                                                                          21.886085
                                                                      ],
                                                                      [
                                                                          110.212338,
                                                                          21.886085
                                                                      ],
                                                                      [
                                                                          110.196323,
                                                                          21.899968
                                                                      ],
                                                                      [
                                                                          110.12857,
                                                                          21.902744
                                                                      ],
                                                                      [
                                                                          110.101469,
                                                                          21.86998
                                                                      ],
                                                                      [
                                                                          110.050962,
                                                                          21.857205
                                                                      ],
                                                                      [
                                                                          109.999839,
                                                                          21.881643
                                                                      ],
                                                                      [
                                                                          109.94502,
                                                                          21.84443
                                                                      ],
                                                                      [
                                                                          109.940093,
                                                                          21.769419
                                                                      ],
                                                                      [
                                                                          109.916071,
                                                                          21.668787
                                                                      ],
                                                                      [
                                                                          109.888354,
                                                                          21.652101
                                                                      ],
                                                                      [
                                                                          109.888354,
                                                                          21.652101
                                                                      ],
                                                                      [
                                                                          109.839695,
                                                                          21.636525
                                                                      ],
                                                                      [
                                                                          109.786108,
                                                                          21.637638
                                                                      ],
                                                                      [
                                                                          109.778101,
                                                                          21.670455
                                                                      ],
                                                                      [
                                                                          109.742992,
                                                                          21.616497
                                                                      ],
                                                                      [
                                                                          109.754695,
                                                                          21.556396
                                                                      ],
                                                                      [
                                                                          109.788572,
                                                                          21.490702
                                                                      ],
                                                                      [
                                                                          109.785492,
                                                                          21.45673
                                                                      ],
                                                                      [
                                                                          109.819369,
                                                                          21.445033
                                                                      ],
                                                                      [
                                                                          109.894513,
                                                                          21.442248
                                                                      ],
                                                                      [
                                                                          109.904368,
                                                                          21.429992
                                                                      ],
                                                                      [
                                                                          109.868644,
                                                                          21.365913
                                                                      ],
                                                                      [
                                                                          109.770709,
                                                                          21.359783
                                                                      ],
                                                                      [
                                                                          109.757775,
                                                                          21.346963
                                                                      ],
                                                                      [
                                                                          109.763934,
                                                                          21.226514
                                                                      ],
                                                                      [
                                                                          109.674623,
                                                                          21.136671
                                                                      ],
                                                                      [
                                                                          109.674007,
                                                                          21.067997
                                                                      ],
                                                                      [
                                                                          109.655529,
                                                                          20.929435
                                                                      ],
                                                                      [
                                                                          109.664768,
                                                                          20.862343
                                                                      ],
                                                                      [
                                                                          109.711579,
                                                                          20.774519
                                                                      ],
                                                                      [
                                                                          109.730057,
                                                                          20.719673
                                                                      ],
                                                                      [
                                                                          109.74484,
                                                                          20.621124
                                                                      ],
                                                                      [
                                                                          109.793499,
                                                                          20.615522
                                                                      ],
                                                                      [
                                                                          109.813825,
                                                                          20.574627
                                                                      ],
                                                                      [
                                                                          109.811977,
                                                                          20.541566
                                                                      ],
                                                                      [
                                                                          109.839695,
                                                                          20.489439
                                                                      ],
                                                                      [
                                                                          109.888354,
                                                                          20.475423
                                                                      ],
                                                                      [
                                                                          109.895745,
                                                                          20.42776
                                                                      ],
                                                                      [
                                                                          109.864948,
                                                                          20.40196
                                                                      ],
                                                                      [
                                                                          109.861252,
                                                                          20.376717
                                                                      ],
                                                                      [
                                                                          109.916071,
                                                                          20.316677
                                                                      ],
                                                                      [
                                                                          109.909296,
                                                                          20.236961
                                                                      ],
                                                                      [
                                                                          109.929006,
                                                                          20.211691
                                                                      ],
                                                                      [
                                                                          109.993679,
                                                                          20.254368
                                                                      ],
                                                                      [
                                                                          110.082375,
                                                                          20.258859
                                                                      ],
                                                                      [
                                                                          110.118099,
                                                                          20.219553
                                                                      ],
                                                                      [
                                                                          110.168606,
                                                                          20.219553
                                                                      ],
                                                                      [
                                                                          110.220345,
                                                                          20.25156
                                                                      ],
                                                                      [
                                                                          110.296722,
                                                                          20.249314
                                                                      ],
                                                                      [
                                                                          110.349076,
                                                                          20.258859
                                                                      ],
                                                                      [
                                                                          110.384185,
                                                                          20.293103
                                                                      ],
                                                                      [
                                                                          110.425453,
                                                                          20.291419
                                                                      ],
                                                                      [
                                                                          110.452554,
                                                                          20.311064
                                                                      ],
                                                                      [
                                                                          110.491358,
                                                                          20.373912
                                                                      ],
                                                                      [
                                                                          110.54125,
                                                                          20.42047
                                                                      ],
                                                                      [
                                                                          110.550489,
                                                                          20.47262
                                                                      ],
                                                                      [
                                                                          110.499982,
                                                                          20.572386
                                                                      ],
                                                                      [
                                                                          110.487047,
                                                                          20.640167
                                                                      ],
                                                                      [
                                                                          110.466105,
                                                                          20.680485
                                                                      ],
                                                                      [
                                                                          110.411286,
                                                                          20.670966
                                                                      ],
                                                                      [
                                                                          110.392192,
                                                                          20.682724
                                                                      ],
                                                                      [
                                                                          110.407591,
                                                                          20.731987
                                                                      ],
                                                                      [
                                                                          110.393424,
                                                                          20.816479
                                                                      ],
                                                                      [
                                                                          110.350924,
                                                                          20.84165
                                                                      ],
                                                                      [
                                                                          110.327519,
                                                                          20.847802
                                                                      ],
                                                                      [
                                                                          110.269004,
                                                                          20.839972
                                                                      ],
                                                                      [
                                                                          110.209874,
                                                                          20.860106
                                                                      ],
                                                                      [
                                                                          110.184005,
                                                                          20.891979
                                                                      ],
                                                                      [
                                                                          110.180925,
                                                                          20.98197
                                                                      ],
                                                                      [
                                                                          110.204947,
                                                                          21.003202
                                                                      ],
                                                                      [
                                                                          110.208642,
                                                                          21.050684
                                                                      ],
                                                                      [
                                                                          110.241903,
                                                                          21.016051
                                                                      ],
                                                                      [
                                                                          110.24991,
                                                                          21.045098
                                                                      ],
                                                                      [
                                                                          110.296722,
                                                                          21.093684
                                                                      ],
                                                                      [
                                                                          110.39096,
                                                                          21.124949
                                                                      ],
                                                                      [
                                                                          110.422373,
                                                                          21.190807
                                                                      ],
                                                                      [
                                                                          110.451322,
                                                                          21.186343
                                                                      ],
                                                                      [
                                                                          110.501213,
                                                                          21.217588
                                                                      ],
                                                                      [
                                                                          110.534474,
                                                                          21.204198
                                                                      ],
                                                                      [
                                                                          110.626249,
                                                                          21.215915
                                                                      ],
                                                                      [
                                                                          110.65951,
                                                                          21.239902
                                                                      ],
                                                                      [
                                                                          110.713097,
                                                                          21.3124
                                                                      ],
                                                                      [
                                                                          110.768531,
                                                                          21.364799
                                                                      ],
                                                                      [
                                                                          110.796248,
                                                                          21.37483
                                                                      ],
                                                                      [
                                                                          110.888639,
                                                                          21.367585
                                                                      ],
                                                                      [
                                                                          110.929291,
                                                                          21.375945
                                                                      ],
                                                                      [
                                                                          111.034617,
                                                                          21.438906
                                                                      ],
                                                                      [
                                                                          111.103602,
                                                                          21.455616
                                                                      ],
                                                                      [
                                                                          111.171355,
                                                                          21.458401
                                                                      ],
                                                                      [
                                                                          111.28284,
                                                                          21.485691
                                                                      ],
                                                                      [
                                                                          111.276065,
                                                                          21.443362
                                                                      ],
                                                                      [
                                                                          111.250196,
                                                                          21.45116
                                                                      ],
                                                                      [
                                                                          111.257587,
                                                                          21.41495
                                                                      ],
                                                                      [
                                                                          111.28592,
                                                                          21.41885
                                                                      ],
                                                                      [
                                                                          111.353058,
                                                                          21.464528
                                                                      ],
                                                                      [
                                                                          111.382623,
                                                                          21.495714
                                                                      ],
                                                                      [
                                                                          111.444217,
                                                                          21.514088
                                                                      ],
                                                                      [
                                                                          111.494724,
                                                                          21.501282
                                                                      ],
                                                                      [
                                                                          111.521825,
                                                                          21.517429
                                                                      ],
                                                                      [
                                                                          111.560629,
                                                                          21.50518
                                                                      ],
                                                                      [
                                                                          111.609904,
                                                                          21.530234
                                                                      ],
                                                                      [
                                                                          111.650556,
                                                                          21.512418
                                                                      ],
                                                                      [
                                                                          111.677658,
                                                                          21.529677
                                                                      ],
                                                                      [
                                                                          111.693672,
                                                                          21.590345
                                                                      ],
                                                                      [
                                                                          111.736788,
                                                                          21.609821
                                                                      ],
                                                                      [
                                                                          111.794686,
                                                                          21.61149
                                                                      ],
                                                                      [
                                                                          111.832258,
                                                                          21.578659
                                                                      ],
                                                                      [
                                                                          111.810084,
                                                                          21.555283
                                                                      ],
                                                                      [
                                                                          111.887693,
                                                                          21.578659
                                                                      ],
                                                                      [
                                                                          111.941896,
                                                                          21.607039
                                                                      ],
                                                                      [
                                                                          111.972692,
                                                                          21.603144
                                                                      ],
                                                                      [
                                                                          112.026895,
                                                                          21.633744
                                                                      ],
                                                                      [
                                                                          111.997946,
                                                                          21.657107
                                                                      ],
                                                                      [
                                                                          111.954214,
                                                                          21.667674
                                                                      ],
                                                                      [
                                                                          111.956062,
                                                                          21.710494
                                                                      ],
                                                                      [
                                                                          112.036134,
                                                                          21.761637
                                                                      ],
                                                                      [
                                                                          112.136532,
                                                                          21.793871
                                                                      ],
                                                                      [
                                                                          112.192583,
                                                                          21.789425
                                                                      ],
                                                                      [
                                                                          112.196894,
                                                                          21.736624
                                                                      ],
                                                                      [
                                                                          112.236315,
                                                                          21.727173
                                                                      ],
                                                                      [
                                                                          112.238778,
                                                                          21.702153
                                                                      ],
                                                                      [
                                                                          112.353343,
                                                                          21.707157
                                                                      ],
                                                                      [
                                                                          112.415553,
                                                                          21.734956
                                                                      ],
                                                                      [
                                                                          112.427256,
                                                                          21.789981
                                                                      ],
                                                                      [
                                                                          112.445734,
                                                                          21.803317
                                                                      ],
                                                                      [
                                                                          112.497473,
                                                                          21.785535
                                                                      ],
                                                                      [
                                                                          112.535661,
                                                                          21.753856
                                                                      ],
                                                                      [
                                                                          112.647146,
                                                                          21.758302
                                                                      ],
                                                                      [
                                                                          112.68595,
                                                                          21.810541
                                                                      ],
                                                                      [
                                                                          112.792508,
                                                                          21.921067
                                                                      ],
                                                                      [
                                                                          112.841167,
                                                                          21.920512
                                                                      ],
                                                                      [
                                                                          112.893522,
                                                                          21.84443
                                                                      ],
                                                                      [
                                                                          112.929862,
                                                                          21.838875
                                                                      ],
                                                                      [
                                                                          112.989608,
                                                                          21.869424
                                                                      ],
                                                                      [
                                                                          113.047507,
                                                                          21.956595
                                                                      ],
                                                                      [
                                                                          113.053666,
                                                                          22.012089
                                                                      ],
                                                                      [
                                                                          113.032108,
                                                                          22.04593
                                                                      ],
                                                                      [
                                                                          113.045659,
                                                                          22.088636
                                                                      ],
                                                                      [
                                                                          113.086927,
                                                                          22.12634
                                                                      ],
                                                                      [
                                                                          113.091854,
                                                                          22.065344
                                                                      ],
                                                                      [
                                                                          113.142977,
                                                                          22.012089
                                                                      ],
                                                                      [
                                                                          113.1516,
                                                                          21.979905
                                                                      ],
                                                                      [
                                                                          113.235368,
                                                                          21.887751
                                                                      ],
                                                                      [
                                                                          113.266781,
                                                                          21.871646
                                                                      ],
                                                                      [
                                                                          113.319752,
                                                                          21.909407
                                                                      ],
                                                                      [
                                                                          113.330223,
                                                                          21.96159
                                                                      ],
                                                                      [
                                                                          113.442324,
                                                                          22.009315
                                                                      ],
                                                                      [
                                                                          113.45957,
                                                                          22.043711
                                                                      ],
                                                                      [
                                                                          113.527939,
                                                                          22.073663
                                                                      ],
                                                                      [
                                                                          113.567359,
                                                                          22.075327
                                                                      ],
                                                                      [
                                                                          113.554425,
                                                                          22.107489
                                                                      ],
                                                                      [
                                                                          113.554425,
                                                                          22.142416
                                                                      ],
                                                                      [
                                                                          113.534715,
                                                                          22.174009
                                                                      ],
                                                                      [
                                                                          113.53841,
                                                                          22.209473
                                                                      ],
                                                                      [
                                                                          113.558736,
                                                                          22.212244
                                                                      ]
                                                                  ]
                                                              ],
                                                              [
                                                                  [
                                                                      [
                                                                          117.024627,
                                                                          23.437865
                                                                      ],
                                                                      [
                                                                          116.982743,
                                                                          23.460924
                                                                      ],
                                                                      [
                                                                          116.944555,
                                                                          23.440061
                                                                      ],
                                                                      [
                                                                          116.951946,
                                                                          23.419744
                                                                      ],
                                                                      [
                                                                          117.027091,
                                                                          23.41535
                                                                      ],
                                                                      [
                                                                          117.050496,
                                                                          23.400522
                                                                      ],
                                                                      [
                                                                          117.081909,
                                                                          23.409309
                                                                      ],
                                                                      [
                                                                          117.124409,
                                                                          23.389537
                                                                      ],
                                                                      [
                                                                          117.142887,
                                                                          23.400522
                                                                      ],
                                                                      [
                                                                          117.142887,
                                                                          23.459826
                                                                      ],
                                                                      [
                                                                          117.129336,
                                                                          23.483431
                                                                      ],
                                                                      [
                                                                          117.093612,
                                                                          23.459277
                                                                      ],
                                                                      [
                                                                          117.058503,
                                                                          23.47355
                                                                      ],
                                                                      [
                                                                          117.029554,
                                                                          23.443356
                                                                      ],
                                                                      [
                                                                          117.024627,
                                                                          23.437865
                                                                      ]
                                                                  ]
                                                              ],
                                                              [
                                                                  [
                                                                      [
                                                                          112.853486,
                                                                          21.740515
                                                                      ],
                                                                      [
                                                                          112.876275,
                                                                          21.772753
                                                                      ],
                                                                      [
                                                                          112.840551,
                                                                          21.776644
                                                                      ],
                                                                      [
                                                                          112.782653,
                                                                          21.739959
                                                                      ],
                                                                      [
                                                                          112.724138,
                                                                          21.719945
                                                                      ],
                                                                      [
                                                                          112.70566,
                                                                          21.679354
                                                                      ],
                                                                      [
                                                                          112.734609,
                                                                          21.666562
                                                                      ],
                                                                      [
                                                                          112.780189,
                                                                          21.671568
                                                                      ],
                                                                      [
                                                                          112.730914,
                                                                          21.613715
                                                                      ],
                                                                      [
                                                                          112.775261,
                                                                          21.564189
                                                                      ],
                                                                      [
                                                                          112.817145,
                                                                          21.590345
                                                                      ],
                                                                      [
                                                                          112.798667,
                                                                          21.610933
                                                                      ],
                                                                      [
                                                                          112.821457,
                                                                          21.655994
                                                                      ],
                                                                      [
                                                                          112.804826,
                                                                          21.686583
                                                                      ],
                                                                      [
                                                                          112.83316,
                                                                          21.736624
                                                                      ],
                                                                      [
                                                                          112.853486,
                                                                          21.740515
                                                                      ]
                                                                  ]
                                                              ],
                                                              [
                                                                  [
                                                                      [
                                                                          112.530733,
                                                                          21.583667
                                                                      ],
                                                                      [
                                                                          112.563378,
                                                                          21.591458
                                                                      ],
                                                                      [
                                                                          112.571385,
                                                                          21.619835
                                                                      ],
                                                                      [
                                                                          112.621277,
                                                                          21.606482
                                                                      ],
                                                                      [
                                                                          112.665624,
                                                                          21.642644
                                                                      ],
                                                                      [
                                                                          112.639139,
                                                                          21.67268
                                                                      ],
                                                                      [
                                                                          112.66624,
                                                                          21.683803
                                                                      ],
                                                                      [
                                                                          112.663776,
                                                                          21.714386
                                                                      ],
                                                                      [
                                                                          112.592327,
                                                                          21.693256
                                                                      ],
                                                                      [
                                                                          112.560299,
                                                                          21.666562
                                                                      ],
                                                                      [
                                                                          112.57077,
                                                                          21.645982
                                                                      ],
                                                                      [
                                                                          112.535045,
                                                                          21.628737
                                                                      ],
                                                                      [
                                                                          112.530733,
                                                                          21.583667
                                                                      ]
                                                                  ]
                                                              ],
                                                              [
                                                                  [
                                                                      [
                                                                          114.231342,
                                                                          22.016528
                                                                      ],
                                                                      [
                                                                          114.311414,
                                                                          22.041493
                                                                      ],
                                                                      [
                                                                          114.302791,
                                                                          22.050368
                                                                      ],
                                                                      [
                                                                          114.239965,
                                                                          22.03539
                                                                      ],
                                                                      [
                                                                          114.231342,
                                                                          22.016528
                                                                      ]
                                                                  ]
                                                              ],
                                                              [
                                                                  [
                                                                      [
                                                                          110.43346,
                                                                          21.171276
                                                                      ],
                                                                      [
                                                                          110.489511,
                                                                          21.138904
                                                                      ],
                                                                      [
                                                                          110.508605,
                                                                          21.140579
                                                                      ],
                                                                      [
                                                                          110.544945,
                                                                          21.083633
                                                                      ],
                                                                      [
                                                                          110.582517,
                                                                          21.094801
                                                                      ],
                                                                      [
                                                                          110.632409,
                                                                          21.210893
                                                                      ],
                                                                      [
                                                                          110.589293,
                                                                          21.194713
                                                                      ],
                                                                      [
                                                                          110.525235,
                                                                          21.190249
                                                                      ],
                                                                      [
                                                                          110.499366,
                                                                          21.213125
                                                                      ],
                                                                      [
                                                                          110.445163,
                                                                          21.184669
                                                                      ],
                                                                      [
                                                                          110.431612,
                                                                          21.180763
                                                                      ],
                                                                      [
                                                                          110.43346,
                                                                          21.171276
                                                                      ]
                                                                  ]
                                                              ],
                                                              [
                                                                  [
                                                                      [
                                                                          112.435263,
                                                                          21.663781
                                                                      ],
                                                                      [
                                                                          112.456205,
                                                                          21.648763
                                                                      ],
                                                                      [
                                                                          112.458669,
                                                                          21.68992
                                                                      ],
                                                                      [
                                                                          112.435263,
                                                                          21.663781
                                                                      ]
                                                                  ]
                                                              ],
                                                              [
                                                                  [
                                                                      [
                                                                          110.517844,
                                                                          21.079166
                                                                      ],
                                                                      [
                                                                          110.459946,
                                                                          21.062971
                                                                      ],
                                                                      [
                                                                          110.398352,
                                                                          21.096476
                                                                      ],
                                                                      [
                                                                          110.352772,
                                                                          21.079724
                                                                      ],
                                                                      [
                                                                          110.305961,
                                                                          21.0881
                                                                      ],
                                                                      [
                                                                          110.27578,
                                                                          21.033369
                                                                      ],
                                                                      [
                                                                          110.211106,
                                                                          20.986999
                                                                      ],
                                                                      [
                                                                          110.201251,
                                                                          20.938378
                                                                      ],
                                                                      [
                                                                          110.309656,
                                                                          20.963529
                                                                      ],
                                                                      [
                                                                          110.347845,
                                                                          20.984763
                                                                      ],
                                                                      [
                                                                          110.407591,
                                                                          20.990351
                                                                      ],
                                                                      [
                                                                          110.47288,
                                                                          20.983087
                                                                      ],
                                                                      [
                                                                          110.511684,
                                                                          20.916578
                                                                      ],
                                                                      [
                                                                          110.535706,
                                                                          20.922727
                                                                      ],
                                                                      [
                                                                          110.539402,
                                                                          20.987557
                                                                      ],
                                                                      [
                                                                          110.560344,
                                                                          21.061295
                                                                      ],
                                                                      [
                                                                          110.517844,
                                                                          21.079166
                                                                      ]
                                                                  ]
                                                              ],
                                                              [
                                                                  [
                                                                      [
                                                                          113.765076,
                                                                          21.962145
                                                                      ],
                                                                      [
                                                                          113.774315,
                                                                          21.998218
                                                                      ],
                                                                      [
                                                                          113.74167,
                                                                          21.991559
                                                                      ],
                                                                      [
                                                                          113.765076,
                                                                          21.962145
                                                                      ]
                                                                  ]
                                                              ],
                                                              [
                                                                  [
                                                                      [
                                                                          113.723192,
                                                                          21.922177
                                                                      ],
                                                                      [
                                                                          113.742902,
                                                                          21.950489
                                                                      ],
                                                                      [
                                                                          113.71888,
                                                                          21.951599
                                                                      ],
                                                                      [
                                                                          113.723192,
                                                                          21.922177
                                                                      ]
                                                                  ]
                                                              ],
                                                              [
                                                                  [
                                                                      [
                                                                          113.142977,
                                                                          21.831653
                                                                      ],
                                                                      [
                                                                          113.162071,
                                                                          21.853873
                                                                      ],
                                                                      [
                                                                          113.203955,
                                                                          21.861093
                                                                      ],
                                                                      [
                                                                          113.167615,
                                                                          21.876644
                                                                      ],
                                                                      [
                                                                          113.136818,
                                                                          21.868869
                                                                      ],
                                                                      [
                                                                          113.142977,
                                                                          21.831653
                                                                      ]
                                                                  ]
                                                              ],
                                                              [
                                                                  [
                                                                      [
                                                                          113.819894,
                                                                          22.396068
                                                                      ],
                                                                      [
                                                                          113.813735,
                                                                          22.419858
                                                                      ],
                                                                      [
                                                                          113.786634,
                                                                          22.413773
                                                                      ],
                                                                      [
                                                                          113.819894,
                                                                          22.396068
                                                                      ]
                                                                  ]
                                                              ],
                                                              [
                                                                  [
                                                                      [
                                                                          114.190074,
                                                                          21.986564
                                                                      ],
                                                                      [
                                                                          114.229494,
                                                                          21.995443
                                                                      ],
                                                                      [
                                                                          114.180835,
                                                                          22.00987
                                                                      ],
                                                                      [
                                                                          114.190074,
                                                                          21.986564
                                                                      ]
                                                                  ]
                                                              ],
                                                              [
                                                                  [
                                                                      [
                                                                          114.153734,
                                                                          21.97491
                                                                      ],
                                                                      [
                                                                          114.171596,
                                                                          22.000437
                                                                      ],
                                                                      [
                                                                          114.124169,
                                                                          21.985455
                                                                      ],
                                                                      [
                                                                          114.153734,
                                                                          21.97491
                                                                      ]
                                                                  ]
                                                              ],
                                                              [
                                                                  [
                                                                      [
                                                                          116.769628,
                                                                          20.771721
                                                                      ],
                                                                      [
                                                                          116.761005,
                                                                          20.750456
                                                                      ],
                                                                      [
                                                                          116.87249,
                                                                          20.738143
                                                                      ],
                                                                      [
                                                                          116.889736,
                                                                          20.683284
                                                                      ],
                                                                      [
                                                                          116.849084,
                                                                          20.628405
                                                                      ],
                                                                      [
                                                                          116.749302,
                                                                          20.600958
                                                                      ],
                                                                      [
                                                                          116.796113,
                                                                          20.582471
                                                                      ],
                                                                      [
                                                                          116.862635,
                                                                          20.588633
                                                                      ],
                                                                      [
                                                                          116.905135,
                                                                          20.619443
                                                                      ],
                                                                      [
                                                                          116.934084,
                                                                          20.676565
                                                                      ],
                                                                      [
                                                                          116.925461,
                                                                          20.726949
                                                                      ],
                                                                      [
                                                                          116.88604,
                                                                          20.775638
                                                                      ],
                                                                      [
                                                                          116.820135,
                                                                          20.780674
                                                                      ],
                                                                      [
                                                                          116.769628,
                                                                          20.771721
                                                                      ]
                                                                  ]
                                                              ],
                                                              [
                                                                  [
                                                                      [
                                                                          113.025333,
                                                                          21.847762
                                                                      ],
                                                                      [
                                                                          113.045659,
                                                                          21.882753
                                                                      ],
                                                                      [
                                                                          113.007471,
                                                                          21.869424
                                                                      ],
                                                                      [
                                                                          113.025333,
                                                                          21.847762
                                                                      ]
                                                                  ]
                                                              ],
                                                              [
                                                                  [
                                                                      [
                                                                          110.405127,
                                                                          20.678245
                                                                      ],
                                                                      [
                                                                          110.437772,
                                                                          20.677685
                                                                      ],
                                                                      [
                                                                          110.414366,
                                                                          20.710157
                                                                      ],
                                                                      [
                                                                          110.405127,
                                                                          20.678245
                                                                      ]
                                                                  ]
                                                              ],
                                                              [
                                                                  [
                                                                      [
                                                                          110.644727,
                                                                          20.935584
                                                                      ],
                                                                      [
                                                                          110.584365,
                                                                          20.948998
                                                                      ],
                                                                      [
                                                                          110.548641,
                                                                          20.908752
                                                                      ],
                                                                      [
                                                                          110.562807,
                                                                          20.861224
                                                                      ],
                                                                      [
                                                                          110.611467,
                                                                          20.860106
                                                                      ],
                                                                      [
                                                                          110.646575,
                                                                          20.917137
                                                                      ],
                                                                      [
                                                                          110.644727,
                                                                          20.935584
                                                                      ]
                                                                  ]
                                                              ],
                                                              [
                                                                  [
                                                                      [
                                                                          110.556648,
                                                                          20.32734
                                                                      ],
                                                                      [
                                                                          110.593604,
                                                                          20.360447
                                                                      ],
                                                                      [
                                                                          110.586213,
                                                                          20.381205
                                                                      ],
                                                                      [
                                                                          110.556648,
                                                                          20.32734
                                                                      ]
                                                                  ]
                                                              ],
                                                              [
                                                                  [
                                                                      [
                                                                          115.943037,
                                                                          21.097592
                                                                      ],
                                                                      [
                                                                          115.953508,
                                                                          21.064088
                                                                      ],
                                                                      [
                                                                          115.989233,
                                                                          21.035603
                                                                      ],
                                                                      [
                                                                          116.040356,
                                                                          21.02052
                                                                      ],
                                                                      [
                                                                          116.067457,
                                                                          21.04063
                                                                      ],
                                                                      [
                                                                          116.044051,
                                                                          21.110434
                                                                      ],
                                                                      [
                                                                          116.024341,
                                                                          21.12439
                                                                      ],
                                                                      [
                                                                          115.965211,
                                                                          21.123832
                                                                      ],
                                                                      [
                                                                          115.943037,
                                                                          21.097592
                                                                      ]
                                                                  ]
                                                              ],
                                                              [
                                                                  [
                                                                      [
                                                                          115.926407,
                                                                          20.981411
                                                                      ],
                                                                      [
                                                                          115.939342,
                                                                          20.945644
                                                                      ],
                                                                      [
                                                                          115.970139,
                                                                          20.919373
                                                                      ],
                                                                      [
                                                                          115.999088,
                                                                          20.922727
                                                                      ],
                                                                      [
                                                                          116.000936,
                                                                          20.948439
                                                                      ],
                                                                      [
                                                                          115.954124,
                                                                          20.99985
                                                                      ],
                                                                      [
                                                                          115.926407,
                                                                          20.981411
                                                                      ]
                                                                  ]
                                                              ],
                                                              [
                                                                  [
                                                                      [
                                                                          115.834632,
                                                                          22.722695
                                                                      ],
                                                                      [
                                                                          115.834632,
                                                                          22.722143
                                                                      ],
                                                                      [
                                                                          115.835248,
                                                                          22.722695
                                                                      ],
                                                                      [
                                                                          115.834632,
                                                                          22.722695
                                                                      ]
                                                                  ]
                                                              ],
                                                              [
                                                                  [
                                                                      [
                                                                          115.834632,
                                                                          22.723247
                                                                      ],
                                                                      [
                                                                          115.834632,
                                                                          22.722695
                                                                      ],
                                                                      [
                                                                          115.835248,
                                                                          22.722695
                                                                      ],
                                                                      [
                                                                          115.834632,
                                                                          22.723247
                                                                      ]
                                                                  ]
                                                              ]
                                                          ]
                                      }
                     }
                 ]
}